ID,Generator,Status,Result Status,Proxy Role,Keep SR,Has SR,Optimal,Rating,CPOR,PERMI_37,PERMI_38,PERMJ_37,PERMJ_38,PERMK_37,PERMK_38,POR_38,PRPOR,POR_37,GAS_MASS_INJ,GAS_MASS_PRD,WBP_INJ,WBP_PRD,WBT_INJ,WBT_PRD,Execution Node,Derived Case Name,MCMC Count,Comment
0,Reuse,Reused,NormalTermination,Ignore,Yes,TRUE,FALSE,0,3.40E-05,1100,1100,1100,1100,1100,1100,0.345,8269.83,0.345,0,0,22451.402,22365.5,25,90.030838,,,0,
1,LatinHyperCube,Complete,NormalTermination,Training,Auto,TRUE,TRUE,0,5.07E-06,1103.8241,1406.3098,1275.1434,314.14914,560.42065,1042.2562,0.31969407,7978.9675,0.31625239,0,0,22573.381,22486.627,25,89.618935,DESKTOP-SDN3ES6,KYS_AI.cmsd\KYS_AI_00001,0,
2,LatinHyperCube,Complete,NormalTermination,Training,Auto,TRUE,TRUE,0,8.14E-06,945.8891,1202.8681,943.21224,1390.2486,616.6348,442.63862,0.13728489,8992.3518,0.33690249,0,0,22446.729,22360.158,25,89.847229,DESKTOP-SDN3ES6,KYS_AI.cmsd\KYS_AI_00002,0,
3,LatinHyperCube,Complete,NormalTermination,Training,Auto,TRUE,TRUE,0,5.05E-06,100,450.66922,1114.5315,812.04589,539.00574,271.31931,0.17284895,1267.6864,0.2250478,0,0,22655.471,22571.221,25,85.131233,DESKTOP-SDN3ES6,KYS_AI.cmsd\KYS_AI_00003,0,
4,LatinHyperCube,Complete,NormalTermination,Training,Auto,TRUE,TRUE,0,7.30E-06,308.79541,166.92161,753.15488,1240.3442,536.32887,1457.1702,0.10286807,2376.673,0.31739962,0,0,22776.184,22695.479,25,84.641945,DESKTOP-SDN3ES6,KYS_AI.cmsd\KYS_AI_00004,0,
5,LatinHyperCube,Complete,NormalTermination,Training,Auto,TRUE,TRUE,0,6.64E-06,453.34608,745.12428,1438.4321,1280.4971,667.49522,351.62524,0.34435946,9814.5315,0.25258126,0,0,22505.975,22419.889,25,87.336761,DESKTOP-SDN3ES6,KYS_AI.cmsd\KYS_AI_00005,0,
6,LatinHyperCube,Complete,NormalTermination,Training,Auto,FALSE,TRUE,0,7.72E-06,870.9369,1379.5411,613.95793,1055.6405,182.98279,1296.5583,0.3707457,7271.5105,0.25315488,0,0,22400.004,22314.162,25,90.951271,DESKTOP-SDN3ES6,KYS_AI.cmsd\KYS_AI_00006,0,
7,LatinHyperCube,Complete,NormalTermination,Training,Auto,FALSE,TRUE,0,3.72E-06,868.26004,1205.5449,351.62524,881.64436,335.56405,1060.9943,0.29674952,9680.6883,0.30363289,0,0,22240.467,22161.336,25,91.686295,DESKTOP-SDN3ES6,KYS_AI.cmsd\KYS_AI_00007,0,
8,LatinHyperCube,Complete,NormalTermination,Training,Auto,FALSE,TRUE,0,6.76E-06,174.9522,1264.4359,814.72275,750.47801,477.43786,1494.6463,0.32256214,7386.2333,0.12122371,0,0,22291.775,22206.018,25,89.552727,DESKTOP-SDN3ES6,KYS_AI.cmsd\KYS_AI_00008,0,
9,LatinHyperCube,Complete,NormalTermination,Training,Auto,FALSE,TRUE,0,5.20E-06,1435.7553,153.53728,830.78394,613.95793,1371.5105,696.94073,0.35353728,1344.1683,0.21300191,0,0,22804.115,22718.072,25,89.054512,DESKTOP-SDN3ES6,KYS_AI.cmsd\KYS_AI_00009,0,
10,LatinHyperCube,Complete,NormalTermination,Training,Auto,FALSE,TRUE,0,9.71E-06,1023.5182,619.31166,1419.6941,1074.3786,852.19885,1500,0.3793499,7711.2811,0.12638623,0,0,22597.986,22512.469,25,88.205315,DESKTOP-SDN3ES6,KYS_AI.cmsd\KYS_AI_00010,0,
11,LatinHyperCube,Complete,NormalTermination,Training,Auto,FALSE,TRUE,0,7.12E-06,1173.4226,445.31549,1218.9293,1248.3748,1226.9598,236.52008,0.33977055,4116.6348,0.31281071,0,0,22589.809,22503.486,25,88.316322,DESKTOP-SDN3ES6,KYS_AI.cmsd\KYS_AI_00011,0,
12,LatinHyperCube,Complete,NormalTermination,Training,Auto,FALSE,TRUE,0,4.00E-06,1210.8987,1500,632.69598,1467.8776,1454.4933,1047.6099,0.16596558,8227.5335,0.10114723,0,0,22208.682,22121.816,25,91.85923,DESKTOP-SDN3ES6,KYS_AI.cmsd\KYS_AI_00012,0,
13,LatinHyperCube,Complete,NormalTermination,Training,Auto,FALSE,TRUE,0,5.90E-06,1382.218,774.56979,627.34226,1117.2084,348.94837,153.53728,0.21357553,7520.0765,0.24340344,0,0,22517.992,22431.74,25,91.020317,DESKTOP-SDN3ES6,KYS_AI.cmsd\KYS_AI_00013,0,
14,LatinHyperCube,Complete,NormalTermination,Training,Auto,FALSE,TRUE,0,5.68E-06,822.75335,1478.5851,298.08795,1050.2868,1291.2046,1109.1778,0.1499044,7214.1491,0.20726577,0,0,22107.342,22024.9,25,91.3992,DESKTOP-SDN3ES6,KYS_AI.cmsd\KYS_AI_00014,0,
15,LatinHyperCube,Complete,NormalTermination,Training,Auto,FALSE,TRUE,0,8.23E-06,1334.0344,1168.0688,1058.3174,102.67686,429.2543,587.18929,0.2210325,2950.2868,0.21701721,0,0,22696.023,22609.619,25,89.991295,DESKTOP-SDN3ES6,KYS_AI.cmsd\KYS_AI_00015,0,
16,LatinHyperCube,Complete,NormalTermination,Training,Auto,FALSE,TRUE,0,6.41E-06,704.97132,485.46845,1007.457,209.75143,504.2065,1122.5621,0.36042065,10063.098,0.36271511,0,0,22637.359,22561.322,25,88.405991,DESKTOP-SDN3ES6,KYS_AI.cmsd\KYS_AI_00016,0,
17,LatinHyperCube,Complete,NormalTermination,Training,Auto,FALSE,TRUE,0,6.72E-06,533.65201,1224.283,1122.5621,362.3327,1406.3098,1376.8642,0.23652008,5206.501,0.34837476,0,0,22533.574,22447.432,25,88.667213,DESKTOP-SDN3ES6,KYS_AI.cmsd\KYS_AI_00017,0,
18,LatinHyperCube,Complete,NormalTermination,Training,Auto,FALSE,TRUE,0,5.78E-06,967.30402,1451.8164,1063.6711,1403.6329,994.07266,1165.392,0.37590822,9260.0382,0.25946463,0,0,22390.412,22303.541,25,90.033264,DESKTOP-SDN3ES6,KYS_AI.cmsd\KYS_AI_00018,0,
19,LatinHyperCube,Complete,NormalTermination,Training,Auto,FALSE,TRUE,0,5.84E-06,876.29063,621.98853,1486.6157,739.77055,1154.6845,118.73805,0.10344168,1382.4092,0.37361377,0,0,22667.305,22582.678,25,88.115517,DESKTOP-SDN3ES6,KYS_AI.cmsd\KYS_AI_00019,0,
20,LatinHyperCube,Complete,NormalTermination,Training,Auto,FALSE,TRUE,0,3.66E-06,769.21606,793.30784,694.26386,723.70937,150.86042,595.21989,0.12466539,1841.3002,0.3793499,0,0,22662.98,22583.592,25,89.844887,DESKTOP-SDN3ES6,KYS_AI.cmsd\KYS_AI_00020,0,
21,LatinHyperCube,Complete,NormalTermination,Training,Auto,FALSE,TRUE,0,4.71E-06,1111.8547,1015.4876,453.34608,268.64245,721.0325,530.97514,0.14531549,4326.9598,0.39655832,0,0,22589.797,22518.154,25,91.937225,DESKTOP-SDN3ES6,KYS_AI.cmsd\KYS_AI_00021,0,
22,LatinHyperCube,Complete,NormalTermination,Training,Auto,FALSE,TRUE,0,4.51E-06,1012.8107,1430.4015,1483.9388,148.18356,1039.5793,506.88337,0.2456979,1458.891,0.31051625,0,0,22646.924,22560.057,25,89.532494,DESKTOP-SDN3ES6,KYS_AI.cmsd\KYS_AI_00022,0,
23,LatinHyperCube,Complete,NormalTermination,Training,Auto,FALSE,TRUE,0,6.93E-06,1384.8948,715.67878,324.8566,921.79732,670.17208,517.59082,0.35583174,5359.4646,0.35468451,0,0,22288.33,22210.938,25,91.140221,DESKTOP-SDN3ES6,KYS_AI.cmsd\KYS_AI_00023,0,
24,LatinHyperCube,Complete,NormalTermination,Training,Auto,FALSE,TRUE,0,9.67E-06,1165.392,1141.3002,568.45124,1224.283,196.36711,978.01147,0.27437859,4097.5143,0.3334608,0,0,22383.568,22300.361,25,91.195869,DESKTOP-SDN3ES6,KYS_AI.cmsd\KYS_AI_00024,0,
25,LatinHyperCube,Complete,NormalTermination,Training,Auto,FALSE,TRUE,0,5.29E-06,557.74379,126.76864,215.10516,373.04015,169.59847,1288.5277,0.26634799,7022.9446,0.37418738,0,0,22598.184,22531.193,25,89.349327,DESKTOP-SDN3ES6,KYS_AI.cmsd\KYS_AI_00025,0,
26,LatinHyperCube,Complete,NormalTermination,Training,Auto,FALSE,TRUE,0,4.81E-06,1160.0382,862.90631,268.64245,565.77438,405.16252,231.16635,0.3082218,6544.9331,0.13785851,0,0,22257.307,22172.141,25,92.788979,DESKTOP-SDN3ES6,KYS_AI.cmsd\KYS_AI_00026,0,
27,LatinHyperCube,Complete,NormalTermination,Training,Auto,FALSE,TRUE,0,7.90E-06,1443.7859,397.13193,1425.0478,533.65201,472.08413,688.91013,0.3042065,8705.5449,0.38623327,0,0,22622.693,22537.889,25,88.000481,DESKTOP-SDN3ES6,KYS_AI.cmsd\KYS_AI_00027,0,
28,LatinHyperCube,Complete,NormalTermination,Training,Auto,FALSE,TRUE,0,6.23E-06,1481.262,367.68642,1221.6061,1093.1166,397.13193,766.5392,0.10057361,3982.7916,0.37590822,0,0,22674.166,22587.639,25,88.405945,DESKTOP-SDN3ES6,KYS_AI.cmsd\KYS_AI_00028,0,
29,LatinHyperCube,Complete,NormalTermination,Training,Auto,FALSE,TRUE,0,4.73E-06,490.82218,319.50287,512.23709,1186.8069,1133.2696,1229.6367,0.18087954,7099.4264,0.30764818,0,0,22776.938,22696.771,25,87.069298,DESKTOP-SDN3ES6,KYS_AI.cmsd\KYS_AI_00029,0,
30,LatinHyperCube,Complete,NormalTermination,Training,Auto,FALSE,TRUE,0,7.32E-06,129.44551,316.826,220.45889,1122.5621,164.24474,713.00191,0.20152964,10636.711,0.13613767,0,0,22727.332,22647.023,25,84.646317,DESKTOP-SDN3ES6,KYS_AI.cmsd\KYS_AI_00030,0,
31,LatinHyperCube,Complete,NormalTermination,Training,Auto,FALSE,TRUE,0,8.93E-06,346.27151,1339.3881,589.86616,1449.1396,1079.7323,1475.9082,0.2124283,10521.989,0.34206501,0,0,22300.82,22216.514,25,89.258804,DESKTOP-SDN3ES6,KYS_AI.cmsd\KYS_AI_00031,0,
32,LatinHyperCube,Complete,NormalTermination,Training,Auto,FALSE,TRUE,0,9.48E-06,929.82792,1259.0822,1390.2486,798.66157,1090.4398,544.35946,0.36558317,9891.0134,0.15334608,0,0,22471.434,22385.867,25,89.31189,DESKTOP-SDN3ES6,KYS_AI.cmsd\KYS_AI_00032,0,
33,LatinHyperCube,Complete,NormalTermination,Training,Auto,FALSE,TRUE,0,8.63E-06,1331.3576,1467.8776,1299.2352,1082.4092,209.75143,638.04971,0.37476099,7883.3652,0.17284895,0,0,22480.578,22394.484,25,90.014999,DESKTOP-SDN3ES6,KYS_AI.cmsd\KYS_AI_00033,0,
34,LatinHyperCube,Complete,NormalTermination,Training,Auto,FALSE,TRUE,0,8.66E-06,1135.9465,1034.2256,236.52008,675.52581,664.81836,892.35182,0.2290631,4173.9962,0.16309751,0,0,22186.566,22104.676,25,92.44062,DESKTOP-SDN3ES6,KYS_AI.cmsd\KYS_AI_00034,0,
35,LatinHyperCube,Complete,NormalTermination,Training,Auto,FALSE,TRUE,0,4.11E-06,688.91013,710.32505,1267.1128,830.78394,651.43403,1486.6157,0.13785851,1286.8069,0.26118547,0,0,22799.99,22713.02,25,87.944481,DESKTOP-SDN3ES6,KYS_AI.cmsd\KYS_AI_00035,0,
36,LatinHyperCube,Complete,NormalTermination,Training,Auto,FALSE,TRUE,0,7.39E-06,284.70363,571.12811,1417.0172,367.68642,710.32505,908.413,0.12409178,1019.1205,0.31797323,0,0,22580.607,22496.123,25,85.637375,DESKTOP-SDN3ES6,KYS_AI.cmsd\KYS_AI_00036,0,
37,LatinHyperCube,Complete,NormalTermination,Training,Auto,FALSE,TRUE,0,6.24E-06,1374.1874,132.12237,1283.174,1015.4876,1200.1912,1237.6673,0.22447419,8093.6902,0.24856597,0,0,22845.809,22758.258,25,87.957184,DESKTOP-SDN3ES6,KYS_AI.cmsd\KYS_AI_00037,0,
38,LatinHyperCube,Complete,AbnormalTermination,Training,Auto,FALSE,FALSE,0,5.32E-06,236.52008,804.0153,434.60803,407.83939,774.56979,707.64818,0.27208413,2357.5526,0.29445507,,,,,,,DESKTOP-SDN3ES6,KYS_AI.cmsd\KYS_AI_00038,0,
39,LatinHyperCube,Complete,NormalTermination,Training,Auto,FALSE,TRUE,0,5.17E-06,252.58126,734.41683,1449.1396,680.87954,1467.8776,1326.0038,0.24856597,2147.2275,0.28527725,0,0,22445.939,22359.387,25,86.234047,DESKTOP-SDN3ES6,KYS_AI.cmsd\KYS_AI_00039,0,
40,LatinHyperCube,Complete,NormalTermination,Training,Auto,FALSE,TRUE,0,3.86E-06,844.16826,423.90057,1251.0516,785.27725,290.05736,405.16252,0.15277247,2453.1549,0.23996176,0,0,23046.104,22959.854,25,87.879166,DESKTOP-SDN3ES6,KYS_AI.cmsd\KYS_AI_00040,0,
41,LatinHyperCube,Complete,NormalTermination,Training,Auto,FALSE,TRUE,0,3.19E-06,506.88337,378.39388,1050.2868,504.2065,233.84321,1382.218,0.31108987,8131.9312,0.20152964,0,0,23001.928,22915.482,25,87.186943,DESKTOP-SDN3ES6,KYS_AI.cmsd\KYS_AI_00041,0,
42,LatinHyperCube,Complete,NormalTermination,Training,Auto,FALSE,TRUE,0,4.06E-06,335.56405,771.89293,1240.3442,1044.9331,975.33461,488.14532,0.21300191,10885.277,0.25659656,0,0,22494.957,22408.182,25,87.682938,DESKTOP-SDN3ES6,KYS_AI.cmsd\KYS_AI_00042,0,
43,LatinHyperCube,Complete,AbnormalTermination,Training,Auto,FALSE,FALSE,0,6.40E-06,541.6826,156.21415,1398.2792,402.48566,1368.8337,814.72275,0.25028681,10904.398,0.18546845,,,,,,,DESKTOP-SDN3ES6,KYS_AI.cmsd\KYS_AI_00043,0,
44,LatinHyperCube,Complete,NormalTermination,Training,Auto,FALSE,TRUE,0,4.37E-06,988.71893,525.62141,937.85851,587.18929,967.30402,108.03059,0.20956023,3466.5392,0.27667304,0,0,22816.574,22731.471,25,89.079872,DESKTOP-SDN3ES6,KYS_AI.cmsd\KYS_AI_00044,0,
45,LatinHyperCube,Complete,NormalTermination,Training,Auto,FALSE,TRUE,0,3.00E-06,1125.239,1039.5793,1293.8815,1497.3231,1395.6023,1162.7151,0.2789675,5627.1511,0.11491396,0,0,22654.77,22568.977,25,89.404739,DESKTOP-SDN3ES6,KYS_AI.cmsd\KYS_AI_00045,0,
46,LatinHyperCube,Complete,NormalTermination,Training,Auto,FALSE,TRUE,0,9.52E-06,496.17591,978.01147,911.08987,306.11855,153.53728,683.55641,0.26175908,2797.3231,0.20325048,0,0,22581.414,22496.242,25,89.770836,DESKTOP-SDN3ES6,KYS_AI.cmsd\KYS_AI_00046,0,
47,LatinHyperCube,Complete,NormalTermination,Training,Auto,FALSE,TRUE,0,3.32E-06,1004.7801,375.71702,804.0153,956.59656,1269.7897,161.56788,0.17801147,1497.1319,0.3042065,0,0,22857.453,22775.307,25,89.108429,DESKTOP-SDN3ES6,KYS_AI.cmsd\KYS_AI_00047,0,
48,LatinHyperCube,Complete,NormalTermination,Training,Auto,FALSE,TRUE,0,4.16E-06,1002.1033,723.70937,552.39006,300.76482,1331.3576,1462.5239,0.28527725,5780.1147,0.15793499,0,0,22974.219,22889.096,25,91.271416,DESKTOP-SDN3ES6,KYS_AI.cmsd\KYS_AI_00048,0,
49,LatinHyperCube,Complete,NormalTermination,Training,Auto,FALSE,TRUE,0,5.42E-06,552.39006,1234.9904,680.87954,282.02677,1350.0956,927.15105,0.15105163,4441.6826,0.30535373,0,0,22713.146,22635.611,25,90.546585,DESKTOP-SDN3ES6,KYS_AI.cmsd\KYS_AI_00049,0,
50,LatinHyperCube,Complete,NormalTermination,Training,Auto,FALSE,TRUE,0,7.55E-06,1414.3403,1328.6807,1307.2658,1020.8413,726.38623,1403.6329,0.20898662,8743.7859,0.16768642,0,0,22586.893,22501.137,25,89.850685,DESKTOP-SDN3ES6,KYS_AI.cmsd\KYS_AI_00050,0,
51,LatinHyperCube,Complete,NormalTermination,Training,Auto,FALSE,TRUE,0,6.71E-06,110.70746,1347.4187,509.56023,782.60038,541.6826,322.17973,0.26806883,5282.9828,0.38451243,0,0,22093.77,22016.703,25,90.368225,DESKTOP-SDN3ES6,KYS_AI.cmsd\KYS_AI_00051,0,
52,LatinHyperCube,Complete,NormalTermination,Training,Auto,FALSE,TRUE,0,3.83E-06,782.60038,1010.1338,335.56405,118.73805,474.76099,105.35373,0.23479924,1917.782,0.34952199,0,0,22649.736,22581.875,25,93.316032,DESKTOP-SDN3ES6,KYS_AI.cmsd\KYS_AI_00052,0,
53,LatinHyperCube,Complete,NormalTermination,Training,Auto,FALSE,TRUE,0,6.83E-06,536.32887,579.1587,255.25813,838.81453,1224.283,1213.5755,0.27954111,6697.8967,0.16080306,0,0,22492.275,22411.412,25,89.644257,DESKTOP-SDN3ES6,KYS_AI.cmsd\KYS_AI_00053,0,
54,LatinHyperCube,Complete,NormalTermination,Training,Auto,FALSE,TRUE,0,4.61E-06,1326.0038,597.89675,1256.4054,1459.847,493.49904,215.10516,0.11892925,10101.338,0.10057361,0,0,23156.875,23071.311,25,89.874672,DESKTOP-SDN3ES6,KYS_AI.cmsd\KYS_AI_00054,0,
55,LatinHyperCube,Complete,NormalTermination,Training,Auto,FALSE,TRUE,0,8.42E-06,1085.086,474.76099,415.86998,1261.7591,870.9369,263.28872,0.26978967,2242.8298,0.24225621,0,0,22470.648,22389.49,25,89.35672,DESKTOP-SDN3ES6,KYS_AI.cmsd\KYS_AI_00055,0,
56,LatinHyperCube,Complete,NormalTermination,Training,Auto,FALSE,TRUE,0,7.19E-06,1291.2046,994.07266,231.16635,1245.6979,608.60421,1200.1912,0.15621415,8839.3881,0.21644359,0,0,21960.678,21878.67,25,90.676712,DESKTOP-SDN3ES6,KYS_AI.cmsd\KYS_AI_00056,0,
57,LatinHyperCube,Complete,NormalTermination,Training,Auto,FALSE,TRUE,0,6.37E-06,1392.9254,359.65583,1082.4092,1119.8853,386.42447,592.54302,0.38852772,1516.2524,0.26175908,0,0,22631.336,22544.316,25,88.474594,DESKTOP-SDN3ES6,KYS_AI.cmsd\KYS_AI_00057,0,
58,LatinHyperCube,Complete,NormalTermination,Training,Auto,FALSE,TRUE,0,6.09E-06,1044.9331,900.38241,731.73996,359.65583,1170.7457,905.73614,0.39655832,8495.2199,0.37533461,0,0,22554.426,22475.703,25,90.332886,DESKTOP-SDN3ES6,KYS_AI.cmsd\KYS_AI_00058,0,
59,LatinHyperCube,Complete,NormalTermination,Training,Auto,FALSE,TRUE,0,4.66E-06,1127.9159,1002.1033,1277.8203,876.29063,1243.021,975.33461,0.24340344,5168.26,0.10803059,0,0,22775.789,22690.318,25,89.360252,DESKTOP-SDN3ES6,KYS_AI.cmsd\KYS_AI_00059,0,
60,LatinHyperCube,Complete,NormalTermination,Training,Auto,FALSE,TRUE,0,4.85E-06,300.76482,1111.8547,978.01147,1106.501,919.12046,1170.7457,0.15162524,8801.1472,0.10688337,0,0,22188.48,22102.158,25,89.218033,DESKTOP-SDN3ES6,KYS_AI.cmsd\KYS_AI_00060,0,
61,LatinHyperCube,Complete,AbnormalTermination,Training,Auto,FALSE,FALSE,0,9.56E-06,980.68834,249.9044,983.3652,1293.8815,814.72275,249.9044,0.28068834,10216.061,0.36787763,,,,,,,DESKTOP-SDN3ES6,KYS_AI.cmsd\KYS_AI_00061,0,
62,LatinHyperCube,Complete,NormalTermination,Training,Auto,FALSE,TRUE,0,5.60E-06,571.12811,908.413,153.53728,1004.7801,849.52199,846.84512,0.39369025,9183.5564,0.14015296,0,0,22101.422,22019.535,25,90.194534,DESKTOP-SDN3ES6,KYS_AI.cmsd\KYS_AI_00062,0,
63,LatinHyperCube,Complete,NormalTermination,Training,Auto,FALSE,TRUE,0,6.20E-06,964.62715,1189.4837,437.28489,710.32505,1004.7801,1384.8948,0.14015296,5990.4398,0.17858509,0,0,22480.701,22394.658,25,92.401268,DESKTOP-SDN3ES6,KYS_AI.cmsd\KYS_AI_00063,0,
64,LatinHyperCube,Complete,NormalTermination,Training,Auto,FALSE,TRUE,0,4.10E-06,1475.9082,1435.7553,458.69981,308.79541,458.69981,1368.8337,0.19923518,1363.2887,0.35525813,0,0,22497.73,22421.959,25,92.401527,DESKTOP-SDN3ES6,KYS_AI.cmsd\KYS_AI_00064,0,
65,LatinHyperCube,Complete,NormalTermination,Training,Auto,FALSE,TRUE,0,8.85E-06,1459.847,761.18547,394.45507,108.03059,118.73805,1398.2792,0.10803059,4919.6941,0.29330784,0,0,22589.797,22522.309,25,92.607788,DESKTOP-SDN3ES6,KYS_AI.cmsd\KYS_AI_00065,0,
66,LatinHyperCube,Complete,NormalTermination,Training,Auto,FALSE,TRUE,0,7.35E-06,969.98088,1301.912,1427.7247,514.91396,161.56788,868.26004,0.1665392,7959.847,0.38967495,0,0,22478.371,22392.742,25,89.49482,DESKTOP-SDN3ES6,KYS_AI.cmsd\KYS_AI_00066,0,
67,LatinHyperCube,Complete,NormalTermination,Training,Auto,FALSE,TRUE,0,3.17E-06,322.17973,482.79159,391.7782,1060.9943,394.45507,193.69025,0.22275335,6239.0057,0.1791587,0,0,22836.256,22755.295,25,88.033112,DESKTOP-SDN3ES6,KYS_AI.cmsd\KYS_AI_00067,0,
68,LatinHyperCube,Complete,NormalTermination,Training,Auto,FALSE,TRUE,0,5.36E-06,1403.6329,1293.8815,1366.1568,814.72275,1114.5315,972.65774,0.18546845,5225.6214,0.1126195,0,0,22741.5,22654.451,25,89.806351,DESKTOP-SDN3ES6,KYS_AI.cmsd\KYS_AI_00068,0,
69,LatinHyperCube,Complete,NormalTermination,Training,Auto,FALSE,TRUE,0,3.80E-06,1395.6023,335.56405,991.39579,828.10707,1355.4493,1093.1166,0.13269598,5818.3556,0.32141491,0,0,22869.076,22782.961,25,89.012215,DESKTOP-SDN3ES6,KYS_AI.cmsd\KYS_AI_00069,0,
70,LatinHyperCube,Complete,NormalTermination,Training,Auto,FALSE,TRUE,0,3.35E-06,1200.1912,1245.6979,439.96176,391.7782,332.88719,557.74379,0.36959847,2682.6004,0.23709369,0,0,22543.842,22462.451,25,92.400711,DESKTOP-SDN3ES6,KYS_AI.cmsd\KYS_AI_00070,0,
71,LatinHyperCube,Complete,NormalTermination,Training,Auto,FALSE,TRUE,0,4.97E-06,846.84512,501.52964,1296.5583,1205.5449,895.02868,466.7304,0.34608031,9470.3633,0.3082218,0,0,22652.92,22566.281,25,87.967949,DESKTOP-SDN3ES6,KYS_AI.cmsd\KYS_AI_00071,0,
72,LatinHyperCube,Complete,NormalTermination,Training,Auto,FALSE,TRUE,0,4.27E-06,959.27342,148.18356,271.31931,916.44359,1280.4971,525.62141,0.29216061,2739.9618,0.39541109,0,0,22469.496,22394.826,25,87.775681,DESKTOP-SDN3ES6,KYS_AI.cmsd\KYS_AI_00072,0,
73,LatinHyperCube,Complete,NormalTermination,Training,Auto,FALSE,TRUE,0,8.29E-06,365.00956,782.60038,635.37285,729.0631,820.07648,437.28489,0.17858509,8304.0153,0.38279159,0,0,22502.211,22425.107,25,89.533348,DESKTOP-SDN3ES6,KYS_AI.cmsd\KYS_AI_00073,0,
74,LatinHyperCube,Complete,NormalTermination,Training,Auto,FALSE,TRUE,0,6.39E-06,1259.0822,311.47228,1087.7629,547.03633,959.27342,1095.7935,0.18374761,5684.5124,0.37304015,0,0,22715.828,22635.209,25,88.546486,DESKTOP-SDN3ES6,KYS_AI.cmsd\KYS_AI_00074,0,
75,LatinHyperCube,Complete,NormalTermination,Training,Auto,FALSE,TRUE,0,4.18E-06,1320.6501,718.35564,488.14532,1149.3308,185.65966,1208.2218,0.13671128,5455.0669,0.36845124,0,0,22404.176,22324.885,25,90.304733,DESKTOP-SDN3ES6,KYS_AI.cmsd\KYS_AI_00075,0,
76,LatinHyperCube,Complete,NormalTermination,Training,Auto,FALSE,TRUE,0,3.21E-06,814.72275,241.8738,1026.195,961.95029,378.39388,1344.7419,0.32370937,10158.7,0.1625239,0,0,23066.57,22979.938,25,87.764534,DESKTOP-SDN3ES6,KYS_AI.cmsd\KYS_AI_00076,0,
77,LatinHyperCube,Complete,NormalTermination,Training,Auto,FALSE,TRUE,0,6.36E-06,421.22371,777.24665,646.08031,704.97132,482.79159,290.05736,0.32887189,5110.8987,0.32256214,0,0,22520.674,22437.492,25,89.595009,DESKTOP-SDN3ES6,KYS_AI.cmsd\KYS_AI_00077,0,
78,LatinHyperCube,Complete,NormalTermination,Training,Auto,FALSE,TRUE,0,8.51E-06,1269.7897,207.07457,346.27151,763.86233,1256.4054,541.6826,0.3541109,5665.392,0.32944551,0,0,22457.248,22381.389,25,89.702354,DESKTOP-SDN3ES6,KYS_AI.cmsd\KYS_AI_00078,0,
79,LatinHyperCube,Complete,NormalTermination,Training,Auto,FALSE,TRUE,0,8.86E-06,319.50287,1411.6635,1494.6463,399.8088,654.1109,1275.1434,0.36845124,6659.6558,0.28298279,0,0,22400.197,22314.879,25,88.450142,DESKTOP-SDN3ES6,KYS_AI.cmsd\KYS_AI_00079,0,
80,LatinHyperCube,Complete,NormalTermination,Training,Auto,FALSE,TRUE,0,7.79E-06,737.09369,1253.7285,595.21989,691.587,996.74952,1417.0172,0.24512428,6372.8489,0.19235182,0,0,22538.609,22452.186,25,91.287231,DESKTOP-SDN3ES6,KYS_AI.cmsd\KYS_AI_00080,0,
81,LatinHyperCube,Complete,NormalTermination,Training,Auto,FALSE,TRUE,0,9.01E-06,721.0325,284.70363,1047.6099,431.93117,828.10707,1256.4054,0.39082218,8820.2677,0.30994264,0,0,22620.344,22538.695,25,87.233665,DESKTOP-SDN3ES6,KYS_AI.cmsd\KYS_AI_00081,0,
82,LatinHyperCube,Complete,NormalTermination,Training,Auto,FALSE,TRUE,0,3.48E-06,498.85277,1106.501,295.41109,381.07075,1363.4799,1141.3002,0.25372849,4766.7304,0.37189293,0,0,22475.697,22403.762,25,92.363762,DESKTOP-SDN3ES6,KYS_AI.cmsd\KYS_AI_00082,0,
83,LatinHyperCube,Complete,NormalTermination,Training,Auto,FALSE,TRUE,0,5.03E-06,260.61185,1272.4665,544.35946,493.49904,563.09751,182.98279,0.3959847,2261.9503,0.22275335,0,0,22519.553,22437.676,25,90.390213,DESKTOP-SDN3ES6,KYS_AI.cmsd\KYS_AI_00083,0,
84,LatinHyperCube,Complete,NormalTermination,Training,Auto,FALSE,TRUE,0,9.17E-06,549.71319,1149.3308,199.04398,233.84321,268.64245,1119.8853,0.35066922,6487.5717,0.19923518,0,0,22432.631,22360.729,25,93.746109,DESKTOP-SDN3ES6,KYS_AI.cmsd\KYS_AI_00084,0,
85,LatinHyperCube,Complete,NormalTermination,Training,Auto,FALSE,TRUE,0,9.45E-06,1352.7725,1101.1472,1342.065,892.35182,204.39771,1010.1338,0.36615679,2108.9866,0.35124283,0,0,22490.123,22403.426,25,89.45459,DESKTOP-SDN3ES6,KYS_AI.cmsd\KYS_AI_00085,0,
86,LatinHyperCube,Complete,NormalTermination,Training,Auto,FALSE,TRUE,0,7.76E-06,1194.8375,1446.4627,356.97897,124.09178,461.37667,292.73423,0.28585086,2051.6252,0.12753346,0,0,22571.758,22487.75,25,93.385345,DESKTOP-SDN3ES6,KYS_AI.cmsd\KYS_AI_00086,0,
87,LatinHyperCube,Complete,NormalTermination,Training,Auto,FALSE,TRUE,0,3.62E-06,921.79732,1392.9254,1152.0076,852.19885,1143.9771,916.44359,0.27609943,7443.5946,0.21414914,0,0,22554.104,22464.287,25,89.558945,DESKTOP-SDN3ES6,KYS_AI.cmsd\KYS_AI_00087,0,
88,LatinHyperCube,Complete,NormalTermination,Training,Auto,FALSE,TRUE,0,6.77E-06,158.89101,1307.2658,1226.9598,1194.8375,1387.5717,745.12428,0.3208413,10292.543,0.22390057,0,0,22224.965,22138.473,25,88.687477,DESKTOP-SDN3ES6,KYS_AI.cmsd\KYS_AI_00088,0,
89,LatinHyperCube,Complete,NormalTermination,Training,Auto,FALSE,TRUE,0,9.05E-06,683.55641,522.94455,857.55258,870.9369,943.21224,378.39388,0.25143403,3848.9484,0.30133843,0,0,22574.32,22489.336,25,88.592873,DESKTOP-SDN3ES6,KYS_AI.cmsd\KYS_AI_00089,0,
90,LatinHyperCube,Complete,NormalTermination,Training,Auto,FALSE,TRUE,0,8.74E-06,935.18164,945.8891,196.36711,1138.6233,1339.3881,1184.13,0.35296367,4193.1166,0.16940727,0,0,22186.131,22103.732,25,90.533371,DESKTOP-SDN3ES6,KYS_AI.cmsd\KYS_AI_00090,0,
91,LatinHyperCube,Complete,NormalTermination,Training,Auto,FALSE,TRUE,0,3.03E-06,185.65966,233.84321,316.826,1465.2008,1152.0076,718.35564,0.34550669,10655.832,0.13212237,0,0,22934.326,22851.154,25,83.982582,DESKTOP-SDN3ES6,KYS_AI.cmsd\KYS_AI_00091,0,
92,LatinHyperCube,Complete,NormalTermination,Training,Auto,FALSE,TRUE,0,9.34E-06,691.587,1441.109,204.39771,1256.4054,1085.086,828.10707,0.30936902,4384.3212,0.19521989,0,0,22118.078,22037.49,25,90.832458,DESKTOP-SDN3ES6,KYS_AI.cmsd\KYS_AI_00092,0,
93,LatinHyperCube,Complete,NormalTermination,Training,Auto,FALSE,TRUE,0,6.32E-06,474.76099,340.91778,1368.8337,643.40344,1312.6195,1331.3576,0.20497132,4307.8394,0.15621415,0,0,22914.844,22828.961,25,85.788742,DESKTOP-SDN3ES6,KYS_AI.cmsd\KYS_AI_00093,0,
94,LatinHyperCube,Complete,NormalTermination,Training,Auto,FALSE,TRUE,0,4.57E-06,330.21033,520.26769,485.46845,1408.9866,1309.9426,298.08795,0.23021033,1095.6023,0.36214149,0,0,22510.27,22431.773,25,87.200836,DESKTOP-SDN3ES6,KYS_AI.cmsd\KYS_AI_00094,0,
95,LatinHyperCube,Complete,NormalTermination,Training,Auto,FALSE,TRUE,0,7.42E-06,161.56788,458.69981,1489.2925,1355.4493,576.48184,1433.0784,0.33403442,5952.1989,0.29789675,0,0,22545.338,22459.734,25,84.305298,DESKTOP-SDN3ES6,KYS_AI.cmsd\KYS_AI_00095,0,
96,LatinHyperCube,Complete,NormalTermination,Training,Auto,FALSE,TRUE,0,8.05E-06,865.58317,948.56597,292.73423,1114.5315,1069.0249,924.47419,0.39483748,10177.82,0.22676864,0,0,22314.252,22231.963,25,90.618828,DESKTOP-SDN3ES6,KYS_AI.cmsd\KYS_AI_00096,0,
97,LatinHyperCube,Complete,NormalTermination,Training,Auto,FALSE,TRUE,0,8.77E-06,1205.5449,140.15296,340.91778,758.5086,496.17591,994.07266,0.32141491,4900.5736,0.15219885,0,0,22568.309,22485.154,25,88.852692,DESKTOP-SDN3ES6,KYS_AI.cmsd\KYS_AI_00097,0,
98,LatinHyperCube,Complete,NormalTermination,Training,Auto,FALSE,TRUE,0,3.28E-06,715.67878,731.73996,750.47801,413.19312,402.48566,1074.3786,0.34952199,9355.6405,0.24455067,0,0,22854.154,22770.029,25,89.437119,DESKTOP-SDN3ES6,KYS_AI.cmsd\KYS_AI_00098,0,
99,LatinHyperCube,Complete,NormalTermination,Training,Auto,FALSE,TRUE,0,5.57E-06,1253.7285,1363.4799,1071.7017,530.97514,1015.4876,1063.6711,0.21701721,6296.3671,0.24741874,0,0,22611.514,22523.676,25,89.394203,DESKTOP-SDN3ES6,KYS_AI.cmsd\KYS_AI_00099,0,
100,LatinHyperCube,Complete,NormalTermination,Training,Auto,FALSE,TRUE,0,7.87E-06,1026.195,257.93499,664.81836,964.62715,1189.4837,860.22945,0.31912046,1152.9637,0.27323136,0,0,22606.768,22524.83,25,88.816269,DESKTOP-SDN3ES6,KYS_AI.cmsd\KYS_AI_00100,0,
101,LatinHyperCube,Complete,NormalTermination,Training,Auto,FALSE,TRUE,0,7.40E-06,132.12237,1232.3136,777.24665,1342.065,600.57361,415.86998,0.26290631,5397.7055,0.20038241,0,0,22085.809,22000.666,25,89.222191,DESKTOP-SDN3ES6,KYS_AI.cmsd\KYS_AI_00101,0,
102,LatinHyperCube,Complete,NormalTermination,Training,Auto,FALSE,TRUE,0,6.75E-06,153.53728,1004.7801,1200.1912,1417.0172,916.44359,324.8566,0.33173996,7921.6061,0.22447419,0,0,22215.406,22129.629,25,87.656113,DESKTOP-SDN3ES6,KYS_AI.cmsd\KYS_AI_00102,0,
103,LatinHyperCube,Complete,NormalTermination,Training,Auto,FALSE,TRUE,0,8.84E-06,587.18929,686.23327,1028.8719,415.86998,1473.2314,300.76482,0.27552581,9642.4474,0.3833652,0,0,22551.662,22471.354,25,89.303444,DESKTOP-SDN3ES6,KYS_AI.cmsd\KYS_AI_00103,0,
104,LatinHyperCube,Complete,NormalTermination,Training,Auto,FALSE,TRUE,0,3.88E-06,1063.6711,905.73614,498.85277,790.63098,961.95029,600.57361,0.23307839,8533.4608,0.39885277,0,0,22450.391,22370.85,25,91.108887,DESKTOP-SDN3ES6,KYS_AI.cmsd\KYS_AI_00104,0,
105,LatinHyperCube,Complete,NormalTermination,Training,Auto,FALSE,TRUE,0,8.61E-06,726.38623,683.55641,276.67304,153.53728,373.04015,945.8891,0.14760994,3084.13,0.20669216,0,0,22698.463,22630.434,25,92.849152,DESKTOP-SDN3ES6,KYS_AI.cmsd\KYS_AI_00105,0,
106,LatinHyperCube,Complete,NormalTermination,Training,Auto,FALSE,TRUE,0,7.10E-06,1028.8719,244.55067,921.79732,386.42447,1459.847,140.15296,0.31567878,4996.1759,0.3500956,0,0,22648.873,22574.691,25,88.155907,DESKTOP-SDN3ES6,KYS_AI.cmsd\KYS_AI_00106,0,
107,LatinHyperCube,Complete,AbnormalTermination,Training,Auto,FALSE,FALSE,0,7.28E-06,707.64818,1376.8642,314.14914,1481.262,857.55258,849.52199,0.11778203,1229.4455,0.3707457,,,,,,,DESKTOP-SDN3ES6,KYS_AI.cmsd\KYS_AI_00107,0,
108,LatinHyperCube,Complete,NormalTermination,Training,Auto,FALSE,TRUE,0,7.86E-06,140.15296,638.04971,389.10134,437.28489,1197.5143,386.42447,0.33059273,10043.977,0.18087954,0,0,22599.998,22522.271,25,89.843071,DESKTOP-SDN3ES6,KYS_AI.cmsd\KYS_AI_00108,0,
109,LatinHyperCube,Complete,NormalTermination,Training,Auto,FALSE,TRUE,0,5.49E-06,316.826,461.37667,1213.5755,520.26769,745.12428,1328.6807,0.30478011,3562.1415,0.18030593,0,0,22709.779,22624.855,25,86.049034,DESKTOP-SDN3ES6,KYS_AI.cmsd\KYS_AI_00109,0,
110,LatinHyperCube,Complete,NormalTermination,Training,Auto,FALSE,TRUE,0,8.06E-06,1189.4837,552.39006,1414.3403,755.83174,105.35373,940.53537,0.12868069,8896.7495,0.36500956,0,0,22644.756,22557.598,25,88.616386,DESKTOP-SDN3ES6,KYS_AI.cmsd\KYS_AI_00110,0,
111,LatinHyperCube,Complete,NormalTermination,Training,Auto,FALSE,TRUE,0,4.79E-06,207.07457,1143.9771,514.91396,1406.3098,1095.7935,362.3327,0.34378585,8418.738,0.38795411,0,0,22238.289,22158.537,25,89.179695,DESKTOP-SDN3ES6,KYS_AI.cmsd\KYS_AI_00111,0,
112,LatinHyperCube,Complete,NormalTermination,Training,Auto,FALSE,TRUE,0,9.73E-06,1317.9732,506.88337,1269.7897,1012.8107,1232.3136,619.31166,0.1998088,3122.3709,0.16195029,0,0,22704.604,22618.852,25,88.781212,DESKTOP-SDN3ES6,KYS_AI.cmsd\KYS_AI_00112,0,
113,LatinHyperCube,Complete,NormalTermination,Training,Auto,FALSE,TRUE,0,3.59E-06,568.45124,857.55258,1481.262,1334.0344,707.64818,1358.1262,0.3581262,10235.182,0.20439771,0,0,22500.104,22413.629,25,87.767159,DESKTOP-SDN3ES6,KYS_AI.cmsd\KYS_AI_00113,0,
114,LatinHyperCube,Complete,NormalTermination,Training,Auto,FALSE,TRUE,0,6.49E-06,461.37667,696.94073,375.71702,1010.1338,1026.195,1320.6501,0.26003824,8055.4493,0.14359465,0,0,22521.77,22438.207,25,89.701805,DESKTOP-SDN3ES6,KYS_AI.cmsd\KYS_AI_00114,0,
115,LatinHyperCube,Complete,NormalTermination,Training,Auto,FALSE,TRUE,0,4.62E-06,1272.4665,268.64245,533.65201,932.50478,1208.2218,1350.0956,0.31625239,3734.2256,0.23250478,0,0,22665.574,22581.711,25,89.726753,DESKTOP-SDN3ES6,KYS_AI.cmsd\KYS_AI_00115,0,
116,LatinHyperCube,Complete,NormalTermination,Training,Auto,FALSE,TRUE,0,5.13E-06,469.40727,640.72658,126.76864,421.22371,555.06692,1125.239,0.3833652,3581.262,0.30707457,0,0,22284.941,22212.068,25,92.047295,DESKTOP-SDN3ES6,KYS_AI.cmsd\KYS_AI_00116,0,
117,LatinHyperCube,Complete,NormalTermination,Training,Auto,FALSE,TRUE,0,6.13E-06,1122.5621,102.67686,188.33652,1288.5277,413.19312,771.89293,0.37361377,3217.9732,0.12523901,0,0,22482.545,22400.922,25,85.699356,DESKTOP-SDN3ES6,KYS_AI.cmsd\KYS_AI_00117,0,
118,LatinHyperCube,Complete,NormalTermination,Training,Auto,FALSE,TRUE,0,8.78E-06,327.53346,897.70554,605.92734,721.0325,421.22371,1071.7017,0.10516252,2529.6367,0.19751434,0,0,22548.482,22462.9,25,90.360382,DESKTOP-SDN3ES6,KYS_AI.cmsd\KYS_AI_00118,0,
119,LatinHyperCube,Complete,NormalTermination,Training,Auto,FALSE,TRUE,0,5.15E-06,723.70937,680.87954,164.24474,249.9044,793.30784,948.56597,0.37992352,8151.0516,0.28413002,0,0,22394.566,22324.705,25,93.311775,DESKTOP-SDN3ES6,KYS_AI.cmsd\KYS_AI_00119,0,
120,LatinHyperCube,Complete,NormalTermination,Training,Auto,FALSE,TRUE,0,3.68E-06,1117.2084,1243.021,1002.1033,472.08413,581.83556,758.5086,0.28413002,8170.1721,0.34378585,0,0,22666.77,22580.229,25,89.240685,DESKTOP-SDN3ES6,KYS_AI.cmsd\KYS_AI_00120,0,
121,LatinHyperCube,Complete,NormalTermination,Training,Auto,FALSE,TRUE,0,5.25E-06,761.18547,514.91396,817.39962,134.79924,1403.6329,648.75717,0.26692161,3332.696,0.34722753,0,0,22756.098,22686.568,25,88.975044,DESKTOP-SDN3ES6,KYS_AI.cmsd\KYS_AI_00121,0,
122,LatinHyperCube,Complete,NormalTermination,Training,Auto,FALSE,TRUE,0,7.15E-06,1328.6807,306.11855,621.98853,276.67304,956.59656,699.61759,0.22963671,3313.5755,0.18432122,0,0,22834.148,22750.135,25,90.515572,DESKTOP-SDN3ES6,KYS_AI.cmsd\KYS_AI_00122,0,
123,LatinHyperCube,Complete,NormalTermination,Training,Auto,FALSE,TRUE,0,7.54E-06,785.27725,381.07075,1411.6635,1491.9694,306.11855,616.6348,0.21529637,4403.4417,0.1751434,0,0,22722.615,22636.684,25,87.263,DESKTOP-SDN3ES6,KYS_AI.cmsd\KYS_AI_00123,0,
124,LatinHyperCube,Complete,NormalTermination,Training,Auto,FALSE,TRUE,0,4.87E-06,116.06119,1154.6845,704.97132,241.8738,921.79732,370.36329,0.29904398,7233.2696,0.37476099,0,0,22324.26,22248.361,25,89.814278,DESKTOP-SDN3ES6,KYS_AI.cmsd\KYS_AI_00124,0,
125,LatinHyperCube,Complete,AbnormalTermination,Training,Auto,FALSE,FALSE,0,7.66E-06,932.50478,967.30402,600.57361,169.59847,613.95793,185.65966,0.26347992,10847.036,0.35239006,,,,,,,DESKTOP-SDN3ES6,KYS_AI.cmsd\KYS_AI_00125,0,
126,LatinHyperCube,Complete,NormalTermination,Training,Auto,FALSE,TRUE,0,5.34E-06,201.72084,972.65774,1020.8413,1152.0076,742.44742,1280.4971,0.22332696,9986.6157,0.23881453,0,0,22315.318,22229.344,25,88.071808,DESKTOP-SDN3ES6,KYS_AI.cmsd\KYS_AI_00126,0,
127,LatinHyperCube,Complete,NormalTermination,Training,Auto,FALSE,TRUE,0,5.94E-06,220.45889,873.61377,1168.0688,603.25048,126.76864,640.72658,0.35181644,7940.7266,0.18604207,0,0,22395.758,22310.35,25,87.886536,DESKTOP-SDN3ES6,KYS_AI.cmsd\KYS_AI_00127,0,
128,LatinHyperCube,Complete,NormalTermination,Training,Auto,FALSE,TRUE,0,9.69E-06,1430.4015,1425.0478,191.01338,624.66539,343.59465,919.12046,0.12351816,3141.4914,0.1292543,0,0,21732.311,21648.199,25,93.38311,DESKTOP-SDN3ES6,KYS_AI.cmsd\KYS_AI_00128,0,
129,LatinHyperCube,Complete,NormalTermination,Training,Auto,FALSE,TRUE,0,3.67E-06,287.3805,292.73423,1336.7113,945.8891,911.08987,986.04207,0.19235182,5913.9579,0.31854685,0,0,22921.789,22836.518,25,84.825638,DESKTOP-SDN3ES6,KYS_AI.cmsd\KYS_AI_00129,0,
130,LatinHyperCube,Complete,NormalTermination,Training,Auto,FALSE,TRUE,0,3.05E-06,464.05354,426.57744,560.42065,1026.195,1374.1874,731.73996,0.17055449,8284.8948,0.37705545,0,0,22765.643,22685.973,25,87.62075,DESKTOP-SDN3ES6,KYS_AI.cmsd\KYS_AI_00130,0,
131,LatinHyperCube,Complete,NormalTermination,Training,Auto,FALSE,TRUE,0,3.92E-06,747.80115,399.8088,619.31166,1028.8719,1259.0822,654.1109,0.28871893,6927.3423,0.35640535,0,0,22657.465,22576.467,25,88.77169,DESKTOP-SDN3ES6,KYS_AI.cmsd\KYS_AI_00131,0,
132,LatinHyperCube,Complete,NormalTermination,Training,Auto,FALSE,TRUE,0,8.96E-06,1015.4876,217.78203,359.65583,937.85851,514.91396,763.86233,0.32715105,10311.663,0.34435946,0,0,22487.508,22412.766,25,88.50013,DESKTOP-SDN3ES6,KYS_AI.cmsd\KYS_AI_00132,0,
133,LatinHyperCube,Complete,NormalTermination,Training,Auto,FALSE,TRUE,0,3.95E-06,1355.4493,137.4761,1363.4799,485.46845,1119.8853,793.30784,0.24455067,4957.935,0.2376673,0,0,23063.568,22976.363,25,87.574196,DESKTOP-SDN3ES6,KYS_AI.cmsd\KYS_AI_00133,0,
134,LatinHyperCube,Complete,NormalTermination,Training,Auto,FALSE,TRUE,0,7.67E-06,522.94455,539.00574,1326.0038,844.16826,319.50287,1216.2524,0.31166348,1611.8547,0.38221797,0,0,22546.162,22461.748,25,86.959549,DESKTOP-SDN3ES6,KYS_AI.cmsd\KYS_AI_00134,0,
135,LatinHyperCube,Complete,NormalTermination,Training,Auto,FALSE,TRUE,0,8.15E-06,763.86233,758.5086,1379.5411,1339.3881,688.91013,680.87954,0.26864245,4862.3327,0.12351816,0,0,22573.732,22488.09,25,88.266479,DESKTOP-SDN3ES6,KYS_AI.cmsd\KYS_AI_00135,0,
136,LatinHyperCube,Complete,NormalTermination,Training,Auto,FALSE,TRUE,0,8.59E-06,573.80497,1443.7859,172.27533,683.55641,509.56023,110.70746,0.37131931,7137.6673,0.16367113,0,0,22182.291,22103.25,25,92.740677,DESKTOP-SDN3ES6,KYS_AI.cmsd\KYS_AI_00136,0,
137,LatinHyperCube,Complete,NormalTermination,Training,Auto,FALSE,TRUE,0,4.38E-06,1342.065,421.22371,161.56788,1379.5411,375.71702,737.09369,0.13843212,2644.3595,0.36615679,0,0,21937.883,21858.5,25,87.759712,DESKTOP-SDN3ES6,KYS_AI.cmsd\KYS_AI_00137,0,
138,LatinHyperCube,Complete,NormalTermination,Training,Auto,FALSE,TRUE,0,3.20E-06,1240.3442,1267.1128,322.17973,348.94837,1007.457,397.13193,0.23881453,8246.6539,0.29904398,0,0,22318.623,22241.838,25,93.094551,DESKTOP-SDN3ES6,KYS_AI.cmsd\KYS_AI_00138,0,
139,LatinHyperCube,Complete,NormalTermination,Training,Auto,FALSE,TRUE,0,5.24E-06,1178.7763,273.99618,1101.1472,948.56597,734.41683,1002.1033,0.31739962,8074.5698,0.39713193,0,0,22669.529,22584.646,25,87.936821,DESKTOP-SDN3ES6,KYS_AI.cmsd\KYS_AI_00139,0,
140,LatinHyperCube,Complete,NormalTermination,Training,Auto,FALSE,TRUE,0,8.41E-06,670.17208,555.06692,1189.4837,576.48184,1435.7553,862.90631,0.16883365,1057.3614,0.13097514,0,0,22798.104,22712.117,25,87.640434,DESKTOP-SDN3ES6,KYS_AI.cmsd\KYS_AI_00140,0,
141,LatinHyperCube,Complete,NormalTermination,Training,Auto,FALSE,TRUE,0,8.72E-06,1425.0478,180.30593,354.3021,1272.4665,1141.3002,833.4608,0.3374761,6430.2103,0.15506692,0,0,22504.186,22419.201,25,87.813263,DESKTOP-SDN3ES6,KYS_AI.cmsd\KYS_AI_00141,0,
142,LatinHyperCube,Complete,NormalTermination,Training,Auto,FALSE,TRUE,0,8.19E-06,512.23709,927.15105,1309.9426,1291.2046,1264.4359,191.01338,0.1751434,4021.0325,0.12007648,0,0,22454.697,22368.936,25,88.481743,DESKTOP-SDN3ES6,KYS_AI.cmsd\KYS_AI_00142,0,
143,LatinHyperCube,Complete,NormalTermination,Training,Auto,FALSE,TRUE,0,5.41E-06,1500,672.84895,868.26004,836.13767,1398.2792,252.58126,0.31854685,4671.1281,0.30191205,0,0,22587.986,22502.594,25,90.113503,DESKTOP-SDN3ES6,KYS_AI.cmsd\KYS_AI_00143,0,
144,LatinHyperCube,Complete,NormalTermination,Training,Auto,FALSE,TRUE,0,5.93E-06,180.30593,314.14914,713.00191,552.39006,410.51625,956.59656,0.39426386,4537.2849,0.2789675,0,0,22632.242,22554.578,25,86.226074,DESKTOP-SDN3ES6,KYS_AI.cmsd\KYS_AI_00144,0,
145,LatinHyperCube,Complete,NormalTermination,Training,Auto,FALSE,TRUE,0,3.15E-06,381.07075,439.96176,547.03633,1058.3174,592.54302,667.49522,0.12753346,9546.8451,0.20210325,0,0,23064.867,22980.986,25,87.631004,DESKTOP-SDN3ES6,KYS_AI.cmsd\KYS_AI_00145,0,
146,LatinHyperCube,Complete,NormalTermination,Training,Auto,FALSE,TRUE,0,9.77E-06,1181.4532,996.74952,761.18547,1031.5488,220.45889,1085.086,0.27151052,6506.6922,0.28355641,0,0,22488.264,22402.752,25,90.329529,DESKTOP-SDN3ES6,KYS_AI.cmsd\KYS_AI_00146,0,
147,LatinHyperCube,Complete,NormalTermination,Training,Auto,FALSE,TRUE,0,6.99E-06,223.13576,675.52581,929.82792,132.12237,370.36329,233.84321,0.35640535,5435.9465,0.12695985,0,0,22673.314,22587.465,25,88.641251,DESKTOP-SDN3ES6,KYS_AI.cmsd\KYS_AI_00147,0,
148,LatinHyperCube,Complete,NormalTermination,Training,Auto,FALSE,TRUE,0,8.90E-06,1400.956,386.42447,1451.8164,656.78776,1176.0994,913.76673,0.22390057,9145.3155,0.1166348,0,0,22835.035,22749.609,25,88.114105,DESKTOP-SDN3ES6,KYS_AI.cmsd\KYS_AI_00148,0,
149,LatinHyperCube,Complete,NormalTermination,Training,Auto,FALSE,TRUE,0,7.98E-06,370.36329,437.28489,897.70554,1052.9637,533.65201,841.4914,0.38279159,4001.912,0.25487572,0,0,22560.604,22475.145,25,87.296173,DESKTOP-SDN3ES6,KYS_AI.cmsd\KYS_AI_00149,0,
150,LatinHyperCube,Complete,NormalTermination,Training,Auto,FALSE,TRUE,0,7.63E-06,1106.501,763.86233,121.41491,1192.1606,166.92161,391.7782,0.21013384,9852.7725,0.35697897,0,0,21979.184,21900.74,25,89.48423,DESKTOP-SDN3ES6,KYS_AI.cmsd\KYS_AI_00150,0,
151,LatinHyperCube,Complete,NormalTermination,Training,Auto,FALSE,TRUE,0,4.69E-06,423.90057,694.26386,841.4914,1253.7285,239.19694,1028.8719,0.10630975,1803.0593,0.18374761,0,0,22650.502,22564.049,25,89.20546,DESKTOP-SDN3ES6,KYS_AI.cmsd\KYS_AI_00151,0,
152,LatinHyperCube,Complete,NormalTermination,Training,Auto,FALSE,TRUE,0,3.60E-06,539.00574,1130.5927,726.38623,332.88719,303.44168,903.05927,0.25315488,10598.47,0.24110899,0,0,22793.289,22709.225,25,90.127991,DESKTOP-SDN3ES6,KYS_AI.cmsd\KYS_AI_00152,0,
153,LatinHyperCube,Complete,NormalTermination,Training,Auto,FALSE,TRUE,0,5.01E-06,983.3652,464.05354,935.18164,182.98279,739.77055,1400.956,0.19521989,6277.2467,0.15162524,0,0,23148.676,23062.156,25,88.845253,DESKTOP-SDN3ES6,KYS_AI.cmsd\KYS_AI_00153,0,
154,LatinHyperCube,Complete,NormalTermination,Training,Auto,FALSE,TRUE,0,3.23E-06,1245.6979,1122.5621,129.44551,509.56023,1443.7859,702.29446,0.36386233,3829.8279,0.36959847,0,0,21352.023,21277.031,25,93.151741,DESKTOP-SDN3ES6,KYS_AI.cmsd\KYS_AI_00154,0,
155,LatinHyperCube,Complete,NormalTermination,Training,Auto,FALSE,TRUE,0,7.95E-06,1184.13,1288.5277,456.02294,1368.8337,621.98853,830.78394,0.10573614,8361.3767,0.18718929,0,0,22202.475,22115.336,25,91.890358,DESKTOP-SDN3ES6,KYS_AI.cmsd\KYS_AI_00155,0,
156,LatinHyperCube,Complete,NormalTermination,Training,Auto,FALSE,TRUE,0,9.83E-06,450.66922,1462.5239,1210.8987,215.10516,525.62141,795.9847,0.14072658,1210.325,0.39196941,0,0,22489.549,22406.461,25,89.009895,DESKTOP-SDN3ES6,KYS_AI.cmsd\KYS_AI_00156,0,
157,LatinHyperCube,Complete,NormalTermination,Training,Auto,FALSE,TRUE,0,3.01E-06,1079.7323,1360.8031,806.69216,927.15105,228.48948,474.76099,0.28986616,1038.2409,0.32600382,0,0,22457.281,22371.221,25,90.60537,DESKTOP-SDN3ES6,KYS_AI.cmsd\KYS_AI_00157,0,
158,LatinHyperCube,Complete,NormalTermination,Training,Auto,FALSE,TRUE,0,4.34E-06,795.9847,603.25048,1382.218,1069.0249,431.93117,1411.6635,0.28240918,3791.587,0.12237094,0,0,22800.676,22714.951,25,87.901985,DESKTOP-SDN3ES6,KYS_AI.cmsd\KYS_AI_00158,0,
159,LatinHyperCube,Complete,NormalTermination,Training,Auto,FALSE,TRUE,0,9.41E-06,1138.6233,779.92352,870.9369,252.58126,1347.4187,1497.3231,0.29445507,9451.2428,0.11778203,0,0,22742.355,22656.303,25,89.681549,DESKTOP-SDN3ES6,KYS_AI.cmsd\KYS_AI_00159,0,
160,LatinHyperCube,Complete,NormalTermination,Training,Auto,FALSE,TRUE,0,4.63E-06,1234.9904,1280.4971,150.86042,630.01912,1430.4015,284.70363,0.35755258,10445.507,0.32370937,0,0,21658.367,21582.006,25,92.932137,DESKTOP-SDN3ES6,KYS_AI.cmsd\KYS_AI_00160,0,
161,LatinHyperCube,Complete,NormalTermination,Training,Auto,FALSE,TRUE,0,5.66E-06,579.1587,365.00956,905.73614,1470.5545,255.25813,852.19885,0.36328872,9871.8929,0.32772467,0,0,22582.732,22498.158,25,87.693031,DESKTOP-SDN3ES6,KYS_AI.cmsd\KYS_AI_00161,0,
162,LatinHyperCube,Complete,NormalTermination,Training,Auto,FALSE,TRUE,0,8.53E-06,1213.5755,496.17591,825.43021,522.94455,991.39579,169.59847,0.35124283,3868.0688,0.23824092,0,0,22631.389,22546.299,25,89.525848,DESKTOP-SDN3ES6,KYS_AI.cmsd\KYS_AI_00162,0,
163,LatinHyperCube,Complete,NormalTermination,Training,Auto,FALSE,TRUE,0,4.20E-06,994.07266,223.13576,330.21033,1331.3576,201.72084,512.23709,0.2250478,8112.8107,0.12982792,0,0,22741.881,22657.385,25,87.08075,DESKTOP-SDN3ES6,KYS_AI.cmsd\KYS_AI_00163,0,
164,LatinHyperCube,Complete,NormalTermination,Training,Auto,FALSE,TRUE,0,8.50E-06,731.73996,911.08987,100,1387.5717,292.73423,873.61377,0.14933078,9413.0019,0.34493308,0,0,22003.98,21924.914,25,88.971756,DESKTOP-SDN3ES6,KYS_AI.cmsd\KYS_AI_00164,0,
165,LatinHyperCube,Complete,NormalTermination,Training,Auto,FALSE,TRUE,0,3.44E-06,544.35946,434.60803,287.3805,121.41491,110.70746,458.69981,0.27667304,6640.5354,0.33804971,0,0,22818.148,22753.602,25,91.998947,DESKTOP-SDN3ES6,KYS_AI.cmsd\KYS_AI_00165,0,
166,LatinHyperCube,Complete,NormalTermination,Training,Auto,FALSE,TRUE,0,7.80E-06,1074.3786,656.78776,247.22753,1425.0478,1486.6157,311.47228,0.15736138,6831.74,0.32829828,0,0,22254.014,22174.529,25,88.67868,DESKTOP-SDN3ES6,KYS_AI.cmsd\KYS_AI_00166,0,
167,LatinHyperCube,Complete,NormalTermination,Training,Auto,FALSE,TRUE,0,6.31E-06,991.39579,822.75335,573.80497,322.17973,790.63098,220.45889,0.34780115,5588.9101,0.30305927,0,0,22603.615,22527.729,25,90.841713,DESKTOP-SDN3ES6,KYS_AI.cmsd\KYS_AI_00167,0,
168,LatinHyperCube,Complete,AbnormalTermination,Training,Auto,FALSE,FALSE,0,8.54E-06,638.04971,1419.6941,1422.3709,1111.8547,530.97514,247.22753,0.17112811,10407.266,0.26347992,,,,,,,DESKTOP-SDN3ES6,KYS_AI.cmsd\KYS_AI_00168,0,
169,LatinHyperCube,Complete,NormalTermination,Training,Auto,FALSE,TRUE,0,9.18E-06,177.62906,1060.9943,182.98279,1422.3709,140.15296,1392.9254,0.24282983,6908.2218,0.25544933,0,0,22253.672,22174.08,25,88.845062,DESKTOP-SDN3ES6,KYS_AI.cmsd\KYS_AI_00169,0,
170,LatinHyperCube,Complete,NormalTermination,Training,Auto,FALSE,TRUE,0,3.43E-06,1149.3308,327.53346,447.99235,303.44168,605.92734,937.85851,0.10172084,6219.8853,0.32026769,0,0,22999.627,22929.033,25,91.403542,DESKTOP-SDN3ES6,KYS_AI.cmsd\KYS_AI_00170,0,
171,LatinHyperCube,Complete,NormalTermination,Training,Auto,FALSE,TRUE,0,6.52E-06,1052.9637,1052.9637,675.52581,975.33461,1125.239,785.27725,0.20611855,3543.021,0.22217973,0,0,22534.125,22447.146,25,90.941299,DESKTOP-SDN3ES6,KYS_AI.cmsd\KYS_AI_00171,0,
172,LatinHyperCube,Complete,NormalTermination,Training,Auto,FALSE,TRUE,0,8.92E-06,340.91778,659.46463,1095.7935,801.33843,565.77438,889.67495,0.38164436,9393.8815,0.28986616,0,0,22490.225,22402.863,25,87.723686,DESKTOP-SDN3ES6,KYS_AI.cmsd\KYS_AI_00172,0,
173,LatinHyperCube,Complete,NormalTermination,Training,Auto,FALSE,TRUE,0,9.63E-06,943.21224,584.51243,1042.2562,378.39388,1066.348,886.99809,0.17743786,10866.157,0.13040153,0,0,22826.572,22740.564,25,88.747078,DESKTOP-SDN3ES6,KYS_AI.cmsd\KYS_AI_00173,0,
174,LatinHyperCube,Complete,NormalTermination,Training,Auto,FALSE,TRUE,0,9.12E-06,1366.1568,1350.0956,1036.9025,1285.8509,704.97132,225.81262,0.29330784,10579.35,0.38164436,0,0,22444.508,22358.578,25,89.865067,DESKTOP-SDN3ES6,KYS_AI.cmsd\KYS_AI_00174,0,
175,LatinHyperCube,Complete,NormalTermination,Training,Auto,FALSE,TRUE,0,6.48E-06,1467.8776,1023.5182,501.52964,988.71893,1122.5621,1090.4398,0.36443595,7653.9197,0.1499044,0,0,22388.52,22300.49,25,92.103523,DESKTOP-SDN3ES6,KYS_AI.cmsd\KYS_AI_00175,0,
176,LatinHyperCube,Complete,NormalTermination,Training,Auto,FALSE,TRUE,0,7.07E-06,306.11855,595.21989,116.06119,1210.8987,485.46845,547.03633,0.1585086,3179.7323,0.36156788,0,0,22254.359,22176.676,25,87.56501,DESKTOP-SDN3ES6,KYS_AI.cmsd\KYS_AI_00176,0,
177,LatinHyperCube,Complete,NormalTermination,Training,Auto,FALSE,TRUE,0,9.79E-06,1277.8203,884.32122,630.01912,664.81836,865.58317,145.50669,0.32198853,2338.4321,0.28470363,0,0,22486.109,22403.391,25,91.03418,DESKTOP-SDN3ES6,KYS_AI.cmsd\KYS_AI_00177,0,
178,LatinHyperCube,Complete,NormalTermination,Training,Auto,FALSE,TRUE,0,7.68E-06,362.3327,1296.5583,1291.2046,1433.0784,1031.5488,212.4283,0.20554493,9298.2792,0.14474187,0,0,22180.789,22094.771,25,89.204681,DESKTOP-SDN3ES6,KYS_AI.cmsd\KYS_AI_00178,0,
179,LatinHyperCube,Complete,NormalTermination,Training,Auto,FALSE,TRUE,0,6.57E-06,1438.4321,812.04589,1018.1644,846.84512,795.9847,1441.109,0.38680688,6315.4876,0.35755258,0,0,22555.91,22469.836,25,88.979378,DESKTOP-SDN3ES6,KYS_AI.cmsd\KYS_AI_00179,0,
180,LatinHyperCube,Complete,NormalTermination,Training,Auto,FALSE,TRUE,0,3.31E-06,1411.6635,373.04015,1074.3786,1229.6367,587.18929,327.53346,0.2623327,9910.1338,0.20898662,0,0,22979.486,22892.842,25,88.723999,DESKTOP-SDN3ES6,KYS_AI.cmsd\KYS_AI_00180,0,
181,LatinHyperCube,Complete,NormalTermination,Training,Auto,FALSE,TRUE,0,5.76E-06,948.56597,338.24092,945.8891,659.46463,964.62715,1066.348,0.37533461,7826.0038,0.29560229,0,0,22695.334,22611.473,25,88.140114,DESKTOP-SDN3ES6,KYS_AI.cmsd\KYS_AI_00181,0,
182,LatinHyperCube,Complete,NormalTermination,Training,Auto,FALSE,TRUE,0,8.46E-06,838.81453,1098.4704,1339.3881,897.70554,571.12811,113.38432,0.11376673,6449.3308,0.13269598,0,0,22550.807,22465.396,25,89.534454,DESKTOP-SDN3ES6,KYS_AI.cmsd\KYS_AI_00182,0,
183,LatinHyperCube,Complete,NormalTermination,Training,Auto,FALSE,TRUE,0,4.19E-06,1237.6673,405.16252,332.88719,571.12811,729.0631,207.07457,0.24397706,10330.784,0.25774379,0,0,22503.223,22426.051,25,91.092888,DESKTOP-SDN3ES6,KYS_AI.cmsd\KYS_AI_00183,0,
184,LatinHyperCube,Complete,NormalTermination,Training,Auto,FALSE,TRUE,0,5.10E-06,1470.5545,1069.0249,878.9675,298.08795,806.69216,865.58317,0.3248566,10464.627,0.31223709,0,0,22671.654,22586.76,25,90.032867,DESKTOP-SDN3ES6,KYS_AI.cmsd\KYS_AI_00184,0,
185,LatinHyperCube,Complete,NormalTermination,Training,Auto,FALSE,TRUE,0,9.61E-06,105.35373,124.09178,849.52199,651.43403,913.76673,1406.3098,0.30305927,9757.1702,0.14933078,0,0,22739.492,22654.105,25,82.323387,DESKTOP-SDN3ES6,KYS_AI.cmsd\KYS_AI_00185,0,
186,LatinHyperCube,Complete,NormalTermination,Training,Auto,FALSE,TRUE,0,4.83E-06,1248.3748,1304.5889,651.43403,1473.2314,817.39962,365.00956,0.33231358,10426.386,0.27265774,0,0,22328.482,22241.434,25,91.128304,DESKTOP-SDN3ES6,KYS_AI.cmsd\KYS_AI_00186,0,
187,LatinHyperCube,Complete,NormalTermination,Training,Auto,FALSE,TRUE,0,6.68E-06,611.28107,691.587,169.59847,986.04207,1422.3709,854.87572,0.19694073,5474.1874,0.21931166,0,0,22295.182,22216.254,25,89.842293,DESKTOP-SDN3ES6,KYS_AI.cmsd\KYS_AI_00187,0,
188,LatinHyperCube,Complete,NormalTermination,Training,Auto,FALSE,TRUE,0,6.33E-06,1018.1644,1055.6405,844.16826,231.16635,415.86998,316.826,0.2875717,4652.0076,0.16481836,0,0,22763.623,22676.951,25,90.204903,DESKTOP-SDN3ES6,KYS_AI.cmsd\KYS_AI_00188,0,
189,LatinHyperCube,Complete,NormalTermination,Training,Auto,FALSE,TRUE,0,9.16E-06,713.00191,142.82983,1360.8031,806.69216,900.38241,239.19694,0.25659656,6411.0899,0.11434034,0,0,22832.811,22747.018,25,86.152458,DESKTOP-SDN3ES6,KYS_AI.cmsd\KYS_AI_00189,0,
190,LatinHyperCube,Complete,NormalTermination,Training,Auto,FALSE,TRUE,0,7.26E-06,696.94073,1248.3748,763.86233,544.35946,1101.1472,1087.7629,0.20783939,6009.5602,0.2210325,0,0,22581.408,22493.932,25,90.076515,DESKTOP-SDN3ES6,KYS_AI.cmsd\KYS_AI_00190,0,
191,LatinHyperCube,Complete,NormalTermination,Training,Auto,FALSE,TRUE,0,7.34E-06,640.72658,1494.6463,1253.7285,573.80497,1160.0382,1186.8069,0.31281071,3065.0096,0.36730402,0,0,22428.707,22342.58,25,88.903725,DESKTOP-SDN3ES6,KYS_AI.cmsd\KYS_AI_00191,0,
192,LatinHyperCube,Complete,NormalTermination,Training,Auto,FALSE,TRUE,0,5.45E-06,793.30784,1218.9293,327.53346,164.24474,713.00191,402.48566,0.208413,6717.0172,0.16424474,0,0,22743.582,22667.119,25,93.228912,DESKTOP-SDN3ES6,KYS_AI.cmsd\KYS_AI_00192,0,
193,LatinHyperCube,Complete,NormalTermination,Training,Auto,FALSE,TRUE,0,9.38E-06,820.07648,472.08413,343.59465,1457.1702,544.35946,729.0631,0.24971319,7500.956,0.28642447,0,0,22456.541,22377.459,25,88.138695,DESKTOP-SDN3ES6,KYS_AI.cmsd\KYS_AI_00193,0,
194,LatinHyperCube,Complete,NormalTermination,Training,Auto,FALSE,TRUE,0,7.83E-06,1465.2008,739.77055,895.02868,1352.7725,142.82983,1304.5889,0.32772467,1783.9388,0.12466539,0,0,22564.672,22478.264,25,90.073837,DESKTOP-SDN3ES6,KYS_AI.cmsd\KYS_AI_00194,0,
195,LatinHyperCube,Complete,NormalTermination,Training,Auto,FALSE,TRUE,0,6.44E-06,314.14914,536.32887,790.63098,512.23709,1098.4704,480.11472,0.23250478,8724.6654,0.17055449,0,0,22747.219,22660.943,25,87.920471,DESKTOP-SDN3ES6,KYS_AI.cmsd\KYS_AI_00195,0,
196,LatinHyperCube,Complete,NormalTermination,Training,Auto,FALSE,TRUE,0,5.82E-06,1101.1472,215.10516,667.49522,1347.4187,423.90057,394.45507,0.36500956,6602.2945,0.39942639,0,0,22555.795,22476.248,25,87.571014,DESKTOP-SDN3ES6,KYS_AI.cmsd\KYS_AI_00196,0,
197,LatinHyperCube,Complete,NormalTermination,Training,Auto,FALSE,TRUE,0,5.22E-06,817.39962,185.65966,506.88337,319.50287,1408.9866,1069.0249,0.38049713,7558.3174,0.10630975,0,0,22923.1,22835.969,25,90.18412,DESKTOP-SDN3ES6,KYS_AI.cmsd\KYS_AI_00197,0,
198,LatinHyperCube,Complete,NormalTermination,Training,Auto,FALSE,TRUE,0,8.02E-06,597.89675,983.3652,378.39388,715.67878,854.87572,223.13576,0.16711281,3504.7801,0.36042065,0,0,22479.02,22402.908,25,90.908722,DESKTOP-SDN3ES6,KYS_AI.cmsd\KYS_AI_00198,0,
199,LatinHyperCube,Complete,NormalTermination,Training,Auto,FALSE,TRUE,0,9.09E-06,1441.109,1133.2696,228.48948,423.90057,611.28107,217.78203,0.10114723,3906.3098,0.14646272,0,0,22061.85,21979.299,25,94.072166,DESKTOP-SDN3ES6,KYS_AI.cmsd\KYS_AI_00199,0,
200,LatinHyperCube,Complete,NormalTermination,Training,Auto,FALSE,TRUE,0,7.58E-06,1390.2486,913.76673,892.35182,1358.1262,244.55067,346.27151,0.37418738,5512.4283,0.37992352,0,0,22457.291,22373.104,25,89.581146,DESKTOP-SDN3ES6,KYS_AI.cmsd\KYS_AI_00200,0,
201,LatinHyperCube,Complete,NormalTermination,Training,Auto,FALSE,TRUE,0,8.58E-06,648.75717,951.24283,1264.4359,316.826,1194.8375,472.08413,0.1292543,6869.9809,0.30248566,0,0,22593.182,22507.139,25,88.323692,DESKTOP-SDN3ES6,KYS_AI.cmsd\KYS_AI_00201,0,
202,LatinHyperCube,Complete,NormalTermination,Training,Auto,FALSE,TRUE,0,3.24E-06,466.7304,790.63098,1475.9082,365.00956,199.04398,857.55258,0.15506692,5569.7897,0.28240918,0,0,22676.566,22590.406,25,87.898567,DESKTOP-SDN3ES6,KYS_AI.cmsd\KYS_AI_00202,0,
203,LatinHyperCube,Complete,NormalTermination,Training,Auto,FALSE,TRUE,0,6.65E-06,852.19885,560.42065,900.38241,766.5392,1047.6099,180.30593,0.38795411,4346.0803,0.13384321,0,0,22675.889,22589.443,25,89.018852,DESKTOP-SDN3ES6,KYS_AI.cmsd\KYS_AI_00203,0,
204,LatinHyperCube,Complete,AbnormalTermination,Training,Auto,FALSE,FALSE,0,9.50E-06,134.79924,1119.8853,1259.0822,702.29446,1293.8815,1232.3136,0.13212237,1936.9025,0.30879541,,,,,,,DESKTOP-SDN3ES6,KYS_AI.cmsd\KYS_AI_00204,0,
205,LatinHyperCube,Complete,NormalTermination,Training,Auto,FALSE,TRUE,0,3.58E-06,1280.4971,678.20268,648.75717,488.14532,1481.262,1454.4933,0.14244742,9164.4359,0.18891013,0,0,23050.139,22962.623,25,91.252808,DESKTOP-SDN3ES6,KYS_AI.cmsd\KYS_AI_00205,0,
206,LatinHyperCube,Complete,NormalTermination,Training,Auto,FALSE,TRUE,0,8.35E-06,493.49904,587.18929,233.84321,284.70363,498.85277,1317.9732,0.12237094,10980.88,0.27036329,0,0,22604.902,22535.016,25,92.619308,DESKTOP-SDN3ES6,KYS_AI.cmsd\KYS_AI_00206,0,
207,LatinHyperCube,Complete,NormalTermination,Training,Auto,FALSE,TRUE,0,6.08E-06,391.7782,247.22753,742.44742,1071.7017,316.826,148.18356,0.14875717,9374.761,0.1458891,0,0,23000.57,22915.045,25,86.43972,DESKTOP-SDN3ES6,KYS_AI.cmsd\KYS_AI_00207,0,
208,LatinHyperCube,Complete,NormalTermination,Training,Auto,FALSE,TRUE,0,7.89E-06,895.02868,303.44168,822.75335,474.76099,1417.0172,967.30402,0.30133843,9967.4952,0.27151052,0,0,22693.945,22613.35,25,88.569107,DESKTOP-SDN3ES6,KYS_AI.cmsd\KYS_AI_00208,0,
209,LatinHyperCube,Complete,NormalTermination,Training,Auto,FALSE,TRUE,0,4.47E-06,833.4608,212.4283,1023.5182,694.26386,389.10134,509.56023,0.38565966,10617.591,0.19407266,0,0,22862.92,22776.463,25,87.620476,DESKTOP-SDN3ES6,KYS_AI.cmsd\KYS_AI_00209,0,
210,LatinHyperCube,Complete,NormalTermination,Training,Auto,FALSE,TRUE,0,5.98E-06,209.75143,1459.847,557.74379,188.33652,1425.0478,739.77055,0.29847036,6984.7036,0.33632887,0,0,22412.314,22339.443,25,90.875404,DESKTOP-SDN3ES6,KYS_AI.cmsd\KYS_AI_00210,0,
211,LatinHyperCube,Complete,NormalTermination,Training,Auto,FALSE,TRUE,0,7.74E-06,255.25813,1077.0554,474.76099,1216.2524,338.24092,1143.9771,0.11835564,3428.2983,0.28126195,0,0,22315.252,22232.352,25,88.93576,DESKTOP-SDN3ES6,KYS_AI.cmsd\KYS_AI_00211,0,
212,LatinHyperCube,Complete,NormalTermination,Training,Auto,FALSE,TRUE,0,5.33E-06,373.04015,1414.3403,421.22371,142.82983,1414.3403,1473.2314,0.11548757,8629.0631,0.18145315,0,0,22862.873,22784.936,25,92.435951,DESKTOP-SDN3ES6,KYS_AI.cmsd\KYS_AI_00212,0,
213,LatinHyperCube,Complete,NormalTermination,Training,Auto,FALSE,TRUE,0,9.99E-06,426.57744,252.58126,686.23327,1475.9082,1277.8203,959.27342,0.16940727,9699.8088,0.32198853,0,0,22604.648,22523.271,25,85.941299,DESKTOP-SDN3ES6,KYS_AI.cmsd\KYS_AI_00213,0,
214,LatinHyperCube,Complete,NormalTermination,Training,Auto,FALSE,TRUE,0,7.62E-06,584.51243,322.17973,1012.8107,394.45507,862.90631,426.57744,0.28814532,2032.5048,0.17456979,0,0,22775.156,22688.9,25,87.315758,DESKTOP-SDN3ES6,KYS_AI.cmsd\KYS_AI_00214,0,
215,LatinHyperCube,Complete,NormalTermination,Training,Auto,FALSE,TRUE,0,9.21E-06,1141.3002,1317.9732,1288.5277,1237.6673,469.40727,496.17591,0.29961759,9107.0746,0.21759082,0,0,22453.525,22367.438,25,90.119003,DESKTOP-SDN3ES6,KYS_AI.cmsd\KYS_AI_00215,0,
216,LatinHyperCube,Complete,NormalTermination,Training,Auto,FALSE,TRUE,0,6.29E-06,919.12046,557.74379,833.4608,1376.8642,1307.2658,389.10134,0.17686424,4460.8031,0.32313576,0,0,22595.459,22510.705,25,89.16256,DESKTOP-SDN3ES6,KYS_AI.cmsd\KYS_AI_00216,0,
217,LatinHyperCube,Complete,NormalTermination,Training,Auto,FALSE,TRUE,0,3.56E-06,953.91969,1114.5315,1079.7323,405.16252,1251.0516,418.54685,0.18776291,10694.073,0.13154876,0,0,23052.51,22966.689,25,89.829323,DESKTOP-SDN3ES6,KYS_AI.cmsd\KYS_AI_00217,0,
218,LatinHyperCube,Complete,NormalTermination,Training,Auto,FALSE,TRUE,0,3.84E-06,188.33652,1170.7457,1408.9866,865.58317,1326.0038,338.24092,0.23938815,7003.8241,0.32543021,0,0,22098.26,22012.463,25,87.992973,DESKTOP-SDN3ES6,KYS_AI.cmsd\KYS_AI_00218,0,
219,LatinHyperCube,Complete,NormalTermination,Training,Auto,FALSE,TRUE,0,7.71E-06,937.85851,1251.0516,1143.9771,490.82218,1491.9694,1079.7323,0.35239006,7252.3901,0.31567878,0,0,22518.1,22431.891,25,89.599663,DESKTOP-SDN3ES6,KYS_AI.cmsd\KYS_AI_00219,0,
220,LatinHyperCube,Complete,NormalTermination,Training,Auto,FALSE,TRUE,0,9.65E-06,1186.8069,279.3499,638.04971,105.35373,630.01912,303.44168,0.33460803,5302.1033,0.39483748,0,0,22574.152,22508.457,25,89.887535,DESKTOP-SDN3ES6,KYS_AI.cmsd\KYS_AI_00220,0,
221,LatinHyperCube,Complete,NormalTermination,Training,Auto,FALSE,TRUE,0,3.51E-06,1288.5277,1160.0382,876.29063,662.14149,718.35564,306.11855,0.28183556,8782.0268,0.30650096,0,0,22629.186,22542.594,25,90.391495,DESKTOP-SDN3ES6,KYS_AI.cmsd\KYS_AI_00221,0,
222,LatinHyperCube,Complete,NormalTermination,Training,Auto,FALSE,TRUE,0,4.26E-06,1419.6941,766.5392,1500,889.67495,1055.6405,897.70554,0.18260038,4575.5258,0.22160612,0,0,22875.422,22789.633,25,88.855263,DESKTOP-SDN3ES6,KYS_AI.cmsd\KYS_AI_00222,0,
223,LatinHyperCube,Complete,NormalTermination,Training,Auto,FALSE,TRUE,0,5.62E-06,667.49522,1387.5717,571.12811,608.60421,247.22753,646.08031,0.1791587,2204.5889,0.16137667,0,0,22577.221,22491.348,25,91.559837,DESKTOP-SDN3ES6,KYS_AI.cmsd\KYS_AI_00223,0,
224,LatinHyperCube,Complete,NormalTermination,Training,Auto,FALSE,TRUE,0,3.09E-06,734.41683,889.67495,290.05736,686.23327,236.52008,779.92352,0.11606119,5837.4761,0.20267686,0,0,22494.393,22414.787,25,91.444855,DESKTOP-SDN3ES6,KYS_AI.cmsd\KYS_AI_00224,0,
225,LatinHyperCube,Complete,NormalTermination,Training,Auto,FALSE,TRUE,0,4.93E-06,1218.9293,600.57361,654.1109,1047.6099,1489.2925,1007.457,0.33632887,2778.2027,0.23479924,0,0,22589.076,22502.713,25,90.423859,DESKTOP-SDN3ES6,KYS_AI.cmsd\KYS_AI_00225,0,
226,LatinHyperCube,Complete,NormalTermination,Training,Auto,FALSE,TRUE,0,9.89E-06,1007.457,330.21033,1069.0249,737.09369,1245.6979,790.63098,0.3667304,9508.6042,0.19120459,0,0,22645.076,22558.848,25,88.219498,DESKTOP-SDN3ES6,KYS_AI.cmsd\KYS_AI_00226,0,
227,LatinHyperCube,Complete,NormalTermination,Training,Auto,FALSE,TRUE,0,5.53E-06,263.28872,1058.3174,431.93117,1125.239,1149.3308,817.39962,0.29273423,3619.5029,0.18948375,0,0,22302.551,22218.02,25,90.054024,DESKTOP-SDN3ES6,KYS_AI.cmsd\KYS_AI_00227,0,
228,LatinHyperCube,Complete,NormalTermination,Training,Auto,FALSE,TRUE,0,6.56E-06,608.60421,1465.2008,1272.4665,1002.1033,116.06119,1020.8413,0.20325048,5244.7419,0.2416826,0,0,22324.055,22237.613,25,89.838005,DESKTOP-SDN3ES6,KYS_AI.cmsd\KYS_AI_00228,0,
229,LatinHyperCube,Complete,NormalTermination,Training,Auto,FALSE,TRUE,0,8.65E-06,1119.8853,1221.6061,338.24092,1232.3136,672.84895,555.06692,0.1206501,3485.6597,0.28585086,0,0,22227.199,22147.07,25,91.190514,DESKTOP-SDN3ES6,KYS_AI.cmsd\KYS_AI_00229,0,
230,LatinHyperCube,Complete,NormalTermination,Training,Auto,FALSE,TRUE,0,6.87E-06,1095.7935,1229.6367,105.35373,166.92161,552.39006,295.41109,0.15564054,5760.9943,0.26290631,0,0,21894.908,21824.842,25,95.394424,DESKTOP-SDN3ES6,KYS_AI.cmsd\KYS_AI_00230,0,
231,LatinHyperCube,Complete,NormalTermination,Training,Auto,FALSE,TRUE,0,3.55E-06,458.69981,1352.7725,1441.109,696.94073,761.18547,876.29063,0.11491396,8609.9426,0.10573614,0,0,22215.111,22129.43,25,88.813202,DESKTOP-SDN3ES6,KYS_AI.cmsd\KYS_AI_00231,0,
232,LatinHyperCube,Complete,NormalTermination,Training,Auto,FALSE,TRUE,0,3.25E-06,1202.8681,1216.2524,1443.7859,1018.1644,646.08031,726.38623,0.35697897,5187.3805,0.28871893,0,0,22535.734,22449.494,25,89.435135,DESKTOP-SDN3ES6,KYS_AI.cmsd\KYS_AI_00232,0,
233,LatinHyperCube,Complete,NormalTermination,Training,Auto,FALSE,TRUE,0,5.09E-06,415.86998,1012.8107,852.19885,1483.9388,1028.8719,1312.6195,0.29388145,6564.0535,0.23021033,0,0,22341.109,22254.84,25,89.491379,DESKTOP-SDN3ES6,KYS_AI.cmsd\KYS_AI_00233,0,
234,LatinHyperCube,Complete,NormalTermination,Training,Auto,FALSE,TRUE,0,4.54E-06,525.62141,809.36902,1205.5449,311.47228,391.7782,1189.4837,0.16539197,10808.795,0.12409178,0,0,22917.473,22831.92,25,88.701996,DESKTOP-SDN3ES6,KYS_AI.cmsd\KYS_AI_00234,0,
235,LatinHyperCube,Complete,NormalTermination,Training,Auto,FALSE,TRUE,0,9.37E-06,916.44359,616.6348,1328.6807,1344.7419,1358.1262,1481.262,0.12007648,9011.4723,0.36902486,0,0,22534.914,22448.221,25,88.098061,DESKTOP-SDN3ES6,KYS_AI.cmsd\KYS_AI_00235,0,
236,LatinHyperCube,Complete,NormalTermination,Training,Auto,FALSE,TRUE,0,8.43E-06,1031.5488,1127.9159,517.59082,469.40727,932.50478,1387.5717,0.3001912,10369.025,0.2290631,0,0,22558.521,22474.029,25,91.713821,DESKTOP-SDN3ES6,KYS_AI.cmsd\KYS_AI_00236,0,
237,LatinHyperCube,Complete,NormalTermination,Training,Auto,FALSE,TRUE,0,7.47E-06,742.44742,1074.3786,1160.0382,161.56788,490.82218,166.92161,0.21988528,8456.979,0.12179732,0,0,22775.293,22689.504,25,89.747719,DESKTOP-SDN3ES6,KYS_AI.cmsd\KYS_AI_00237,0,
238,LatinHyperCube,Complete,NormalTermination,Training,Auto,FALSE,TRUE,0,5.37E-06,774.56979,1470.5545,1066.348,1283.174,1267.1128,900.38241,0.39885277,2931.1663,0.3667304,0,0,22373.137,22286.158,25,89.587051,DESKTOP-SDN3ES6,KYS_AI.cmsd\KYS_AI_00238,0,
239,LatinHyperCube,Complete,NormalTermination,Training,Auto,FALSE,TRUE,0,9.68E-06,1232.3136,228.48948,1457.1702,324.8566,884.32122,456.02294,0.11319312,1305.9273,0.32887189,0,0,22705.662,22621.09,25,87.18145,DESKTOP-SDN3ES6,KYS_AI.cmsd\KYS_AI_00239,0,
240,LatinHyperCube,Complete,NormalTermination,Training,Auto,FALSE,TRUE,0,9.81E-06,472.08413,1334.0344,854.87572,1277.8203,282.02677,895.02868,0.21816444,9126.195,0.20611855,0,0,22344.287,22258.166,25,89.964096,DESKTOP-SDN3ES6,KYS_AI.cmsd\KYS_AI_00240,0,
241,LatinHyperCube,Complete,NormalTermination,Training,Auto,FALSE,TRUE,0,7.31E-06,324.8566,231.16635,1243.021,734.41683,263.28872,1251.0516,0.39770554,1114.7228,0.13671128,0,0,22728.109,22641.891,25,84.674782,DESKTOP-SDN3ES6,KYS_AI.cmsd\KYS_AI_00241,0,
242,LatinHyperCube,Complete,NormalTermination,Training,Auto,FALSE,TRUE,0,3.63E-06,1483.9388,300.76482,953.91969,1197.5143,215.10516,769.21606,0.4,1592.7342,0.11204589,0,0,22873.295,22786.846,25,89.012115,DESKTOP-SDN3ES6,KYS_AI.cmsd\KYS_AI_00242,0,
243,LatinHyperCube,Complete,NormalTermination,Training,Auto,FALSE,TRUE,0,4.53E-06,787.95411,704.97132,397.13193,1400.956,1301.912,1160.0382,0.20439771,2720.8413,0.208413,0,0,22477.398,22393.859,25,89.283104,DESKTOP-SDN3ES6,KYS_AI.cmsd\KYS_AI_00243,0,
244,LatinHyperCube,Complete,AbnormalTermination,Training,Auto,FALSE,FALSE,0,7.16E-06,124.09178,785.27725,996.74952,1299.2352,1138.6233,1146.6539,0.19063098,6105.1625,0.24684512,,,,,,,DESKTOP-SDN3ES6,KYS_AI.cmsd\KYS_AI_00244,0,
245,LatinHyperCube,Complete,NormalTermination,Training,Auto,FALSE,TRUE,0,4.35E-06,1293.8815,565.77438,466.7304,753.15488,624.66539,1315.2964,0.31797323,1630.9751,0.37017208,0,0,22464.252,22387.709,25,91.138123,DESKTOP-SDN3ES6,KYS_AI.cmsd\KYS_AI_00245,0,
246,LatinHyperCube,Complete,NormalTermination,Training,Auto,FALSE,TRUE,0,5.88E-06,1363.4799,820.07648,774.56979,1127.9159,659.46463,935.18164,0.27724665,6583.174,0.15736138,0,0,22563.688,22476.145,25,90.751228,DESKTOP-SDN3ES6,KYS_AI.cmsd\KYS_AI_00246,0,
247,LatinHyperCube,Complete,NormalTermination,Training,Auto,FALSE,TRUE,0,4.95E-06,771.89293,935.18164,555.06692,924.47419,1106.501,1039.5793,0.37017208,3676.8642,0.14760994,0,0,22512.352,22424.445,25,91.078896,DESKTOP-SDN3ES6,KYS_AI.cmsd\KYS_AI_00247,0,
248,LatinHyperCube,Complete,NormalTermination,Training,Auto,FALSE,TRUE,0,5.26E-06,777.24665,589.86616,886.99809,1157.3614,1192.1606,1044.9331,0.17227533,10120.459,0.37820268,0,0,22599.17,22514.965,25,88.827316,DESKTOP-SDN3ES6,KYS_AI.cmsd\KYS_AI_00248,0,
249,LatinHyperCube,Complete,NormalTermination,Training,Auto,FALSE,TRUE,0,7.60E-06,892.35182,1162.7151,579.1587,929.82792,381.07075,255.25813,0.1,6889.1013,0.29043977,0,0,22502.051,22418.855,25,91.293526,DESKTOP-SDN3ES6,KYS_AI.cmsd\KYS_AI_00249,0,
250,LatinHyperCube,Complete,NormalTermination,Training,Auto,FALSE,TRUE,0,4.70E-06,603.25048,737.09369,496.17591,980.68834,809.36902,164.24474,0.21472275,3007.6482,0.24512428,0,0,22585.52,22504.533,25,90.046654,DESKTOP-SDN3ES6,KYS_AI.cmsd\KYS_AI_00250,0,
251,LatinHyperCube,Complete,NormalTermination,Training,Auto,FALSE,TRUE,0,8.21E-06,249.9044,282.02677,137.4761,1320.6501,1023.5182,1240.3442,0.38107075,3275.3346,0.21529637,0,0,22516.324,22437.406,25,84.851128,DESKTOP-SDN3ES6,KYS_AI.cmsd\KYS_AI_00251,0,
252,LatinHyperCube,Complete,NormalTermination,Training,Auto,FALSE,TRUE,0,5.46E-06,779.92352,895.02868,787.95411,1189.4837,771.89293,407.83939,0.20267686,4728.4895,0.14531549,0,0,22559.771,22473.07,25,90.202957,DESKTOP-SDN3ES6,KYS_AI.cmsd\KYS_AI_00252,0,
253,LatinHyperCube,Complete,NormalTermination,Training,Auto,FALSE,TRUE,0,6.51E-06,311.47228,1256.4054,1433.0784,568.45124,1449.1396,1339.3881,0.24110899,10732.314,0.19866157,0,0,22371.461,22285.74,25,87.881577,DESKTOP-SDN3ES6,KYS_AI.cmsd\KYS_AI_00253,0,
254,LatinHyperCube,Complete,NormalTermination,Training,Auto,FALSE,TRUE,0,7.38E-06,790.63098,356.97897,1170.7457,959.27342,188.33652,1390.2486,0.18145315,8189.2925,0.37131931,0,0,22652.221,22568.451,25,87.506134,DESKTOP-SDN3ES6,KYS_AI.cmsd\KYS_AI_00254,0,
255,LatinHyperCube,Complete,NormalTermination,Training,Auto,FALSE,TRUE,0,9.04E-06,113.38432,886.99809,771.89293,116.06119,640.72658,573.80497,0.1332696,5856.5966,0.23307839,0,0,22487.162,22409.141,25,89.15567,DESKTOP-SDN3ES6,KYS_AI.cmsd\KYS_AI_00255,0,
256,LatinHyperCube,Complete,NormalTermination,Training,Auto,FALSE,TRUE,0,6.89E-06,399.8088,1176.0994,913.76673,1162.7151,1020.8413,1483.9388,0.37304015,1000,0.2124283,0,0,22385.008,22298.334,25,89.632393,DESKTOP-SDN3ES6,KYS_AI.cmsd\KYS_AI_00256,0,
257,LatinHyperCube,Complete,NormalTermination,Training,Auto,FALSE,TRUE,0,9.75E-06,729.0631,605.92734,1138.6233,953.91969,804.0153,1226.9598,0.38508604,10942.639,0.34034417,0,0,22522.479,22436.02,25,88.004082,DESKTOP-SDN3ES6,KYS_AI.cmsd\KYS_AI_00257,0,
258,LatinHyperCube,Complete,NormalTermination,Training,Auto,FALSE,TRUE,0,6.15E-06,429.2543,1018.1644,1347.4187,137.4761,1360.8031,983.3652,0.28929254,3810.7075,0.34780115,0,0,22577.307,22492.322,25,87.638626,DESKTOP-SDN3ES6,KYS_AI.cmsd\KYS_AI_00258,0,
259,LatinHyperCube,Complete,NormalTermination,Training,Auto,FALSE,TRUE,0,9.97E-06,857.55258,204.39771,916.44359,1160.0382,830.78394,777.24665,0.39254302,9833.652,0.2623327,0,0,22589.23,22503.826,25,87.529411,DESKTOP-SDN3ES6,KYS_AI.cmsd\KYS_AI_00259,0,
260,LatinHyperCube,Complete,NormalTermination,Training,Auto,FALSE,TRUE,0,6.02E-06,1071.7017,324.8566,940.53537,777.24665,1446.4627,589.86616,0.11089866,1898.6616,0.27437859,0,0,22855.41,22770.111,25,88.637047,DESKTOP-SDN3ES6,KYS_AI.cmsd\KYS_AI_00260,0,
261,LatinHyperCube,Complete,NormalTermination,Training,Auto,FALSE,TRUE,0,7.00E-06,873.61377,1275.1434,493.49904,822.75335,1002.1033,798.66157,0.34034417,1650.0956,0.4,0,0,22388.969,22309.287,25,91.414635,DESKTOP-SDN3ES6,KYS_AI.cmsd\KYS_AI_00261,0,
262,LatinHyperCube,Complete,NormalTermination,Training,Auto,FALSE,TRUE,0,8.11E-06,1451.8164,611.28107,370.36329,501.52964,833.4608,951.24283,0.16481836,2701.7208,0.29101338,0,0,22441.666,22365.602,25,92.375397,DESKTOP-SDN3ES6,KYS_AI.cmsd\KYS_AI_00262,0,
263,LatinHyperCube,Complete,NormalTermination,Training,Auto,FALSE,TRUE,0,9.59E-06,225.81262,169.59847,988.71893,886.99809,108.03059,581.83556,0.17629063,5894.8375,0.38680688,0,0,22635.832,22561.463,25,83.821594,DESKTOP-SDN3ES6,KYS_AI.cmsd\KYS_AI_00263,0,
264,LatinHyperCube,Complete,AbnormalTermination,Training,Auto,FALSE,FALSE,0,9.00E-06,137.4761,836.13767,1194.8375,212.4283,876.29063,988.71893,0.20669216,4422.5621,0.3581262,,,,,,,DESKTOP-SDN3ES6,KYS_AI.cmsd\KYS_AI_00264,0,
265,LatinHyperCube,Complete,NormalTermination,Training,Auto,FALSE,TRUE,0,8.49E-06,271.31931,1277.8203,1374.1874,335.56405,822.75335,605.92734,0.23996176,4977.0554,0.30076482,0,0,22440.426,22354.848,25,88.074814,DESKTOP-SDN3ES6,KYS_AI.cmsd\KYS_AI_00265,0,
266,LatinHyperCube,Complete,NormalTermination,Training,Auto,FALSE,TRUE,0,9.60E-06,1491.9694,544.35946,1462.5239,1454.4933,1050.2868,244.55067,0.1418738,3045.8891,0.13957935,0,0,22734.859,22649.223,25,88.8936,DESKTOP-SDN3ES6,KYS_AI.cmsd\KYS_AI_00266,0,
267,LatinHyperCube,Complete,NormalTermination,Training,Auto,FALSE,TRUE,0,9.24E-06,1433.0784,490.82218,445.31549,295.41109,346.27151,383.74761,0.14474187,1420.6501,0.10975143,0,0,22790.902,22703.887,25,92.159645,DESKTOP-SDN3ES6,KYS_AI.cmsd\KYS_AI_00267,0,
268,LatinHyperCube,Complete,NormalTermination,Training,Auto,FALSE,TRUE,0,7.82E-06,447.99235,1326.0038,348.94837,370.36329,715.67878,1077.0554,0.22619503,7328.8719,0.29674952,0,0,22498.459,22424.129,25,92.254646,DESKTOP-SDN3ES6,KYS_AI.cmsd\KYS_AI_00268,0,
269,LatinHyperCube,Complete,NormalTermination,Training,Auto,FALSE,TRUE,0,8.89E-06,1347.4187,172.27533,964.62715,560.42065,439.96176,493.49904,0.30076482,8686.4245,0.11032505,0,0,22795.102,22709.1,25,88.667931,DESKTOP-SDN3ES6,KYS_AI.cmsd\KYS_AI_00269,0,
270,LatinHyperCube,Complete,NormalTermination,Training,Auto,FALSE,TRUE,0,9.88E-06,191.01338,188.33652,1355.4493,557.74379,156.21415,822.75335,0.37820268,9030.5927,0.36386233,0,0,22587.375,22511.549,25,82.738205,DESKTOP-SDN3ES6,KYS_AI.cmsd\KYS_AI_00270,0,
271,LatinHyperCube,Complete,NormalTermination,Training,Auto,FALSE,TRUE,0,3.39E-06,121.41491,1368.8337,1465.2008,1384.8948,231.16635,1157.3614,0.15449331,4269.5985,0.36443595,0,0,21759.74,21675.48,25,88.752396,DESKTOP-SDN3ES6,KYS_AI.cmsd\KYS_AI_00271,0,
272,LatinHyperCube,Complete,NormalTermination,Training,Auto,FALSE,TRUE,0,3.79E-06,378.39388,182.98279,1085.086,589.86616,747.80115,651.43403,0.13900574,2912.0459,0.12581262,0,0,23592.883,23506.674,25,85.72197,DESKTOP-SDN3ES6,KYS_AI.cmsd\KYS_AI_00272,0,
273,LatinHyperCube,Complete,NormalTermination,Training,Auto,FALSE,TRUE,0,3.87E-06,386.42447,391.7782,1098.4704,1085.086,134.79924,260.61185,0.22791587,8667.304,0.36558317,0,0,22708.527,22625.441,25,86.475739,DESKTOP-SDN3ES6,KYS_AI.cmsd\KYS_AI_00273,0,
274,LatinHyperCube,Complete,NormalTermination,Training,Auto,FALSE,TRUE,0,9.29E-06,1224.283,1197.5143,134.79924,616.6348,330.21033,1285.8509,0.20382409,1554.4933,0.24799235,0,0,21864.369,21787.277,25,92.678482,DESKTOP-SDN3ES6,KYS_AI.cmsd\KYS_AI_00274,0,
275,LatinHyperCube,Complete,NormalTermination,Training,Auto,FALSE,TRUE,0,4.89E-06,1143.9771,351.62524,801.33843,464.05354,787.95411,453.34608,0.13040153,1764.8184,0.33403442,0,0,22861.346,22781.395,25,89.356125,DESKTOP-SDN3ES6,KYS_AI.cmsd\KYS_AI_00275,0,
276,LatinHyperCube,Complete,NormalTermination,Training,Auto,FALSE,TRUE,0,3.99E-06,1376.8642,801.33843,721.0325,351.62524,1376.8642,134.79924,0.36902486,10139.579,0.22848948,0,0,22766.592,22680.314,25,90.708328,DESKTOP-SDN3ES6,KYS_AI.cmsd\KYS_AI_00276,0,
277,LatinHyperCube,Complete,NormalTermination,Training,Auto,FALSE,TRUE,0,4.74E-06,1114.5315,613.95793,999.42639,174.9522,547.03633,1478.5851,0.16826004,6812.6195,0.27552581,0,0,22938.154,22855.568,25,89.147255,DESKTOP-SDN3ES6,KYS_AI.cmsd\KYS_AI_00277,0,
278,LatinHyperCube,Complete,NormalTermination,Training,Auto,FALSE,TRUE,0,6.55E-06,951.24283,643.40344,1454.4933,857.55258,279.3499,1036.9025,0.30994264,8915.87,0.10344168,0,0,22725.141,22639.271,25,88.061798,DESKTOP-SDN3ES6,KYS_AI.cmsd\KYS_AI_00278,0,
279,LatinHyperCube,Complete,NormalTermination,Training,Auto,FALSE,TRUE,0,5.40E-06,1312.6195,1449.1396,1208.2218,972.65774,1103.8241,1245.6979,0.17170172,4613.7667,0.29216061,0,0,22587.373,22500.02,25,89.474495,DESKTOP-SDN3ES6,KYS_AI.cmsd\KYS_AI_00279,0,
280,LatinHyperCube,Complete,NormalTermination,Training,Auto,FALSE,TRUE,0,3.90E-06,758.5086,1042.2562,836.13767,1184.13,905.73614,691.587,0.22217973,6621.4149,0.16711281,0,0,22559.865,22472.877,25,89.97541,DESKTOP-SDN3ES6,KYS_AI.cmsd\KYS_AI_00280,0,
281,LatinHyperCube,Complete,NormalTermination,Training,Auto,FALSE,TRUE,0,8.98E-06,702.29446,1031.5488,362.3327,1202.8681,940.53537,1004.7801,0.25717017,9202.6769,0.20382409,0,0,22395.58,22312.166,25,90.384315,DESKTOP-SDN3ES6,KYS_AI.cmsd\KYS_AI_00281,0,
282,LatinHyperCube,Complete,NormalTermination,Training,Auto,FALSE,TRUE,0,6.21E-06,632.69598,1483.9388,1181.4532,1098.4704,145.50669,996.74952,0.16080306,7405.3537,0.35984704,0,0,22334.293,22247.971,25,89.58194,DESKTOP-SDN3ES6,KYS_AI.cmsd\KYS_AI_00282,0,
283,LatinHyperCube,Complete,NormalTermination,Training,Auto,FALSE,TRUE,0,8.80E-06,501.52964,1173.4226,734.41683,1063.6711,1036.9025,1334.0344,0.31223709,7290.631,0.21128107,0,0,22425.229,22338.24,25,90.000313,DESKTOP-SDN3ES6,KYS_AI.cmsd\KYS_AI_00283,0,
284,LatinHyperCube,Complete,NormalTermination,Training,Auto,FALSE,TRUE,0,4.77E-06,978.01147,108.03059,688.91013,678.20268,1296.5583,340.91778,0.14703633,2606.1185,0.17629063,0,0,23128.035,23042.51,25,88.722351,DESKTOP-SDN3ES6,KYS_AI.cmsd\KYS_AI_00284,0,
285,LatinHyperCube,Complete,NormalTermination,Training,Auto,FALSE,TRUE,0,3.12E-06,1042.2562,308.79541,461.37667,397.13193,180.30593,1058.3174,0.3500956,8017.2084,0.29732314,0,0,22781.344,22708.355,25,90.843025,DESKTOP-SDN3ES6,KYS_AI.cmsd\KYS_AI_00285,0,
286,LatinHyperCube,Complete,NormalTermination,Training,Auto,FALSE,TRUE,0,3.70E-06,276.67304,1240.3442,1280.4971,480.11472,260.61185,1395.6023,0.18891013,9948.3748,0.13900574,0,0,22352.271,22266.012,25,88.581818,DESKTOP-SDN3ES6,KYS_AI.cmsd\KYS_AI_00286,0,
287,LatinHyperCube,Complete,NormalTermination,Training,Auto,FALSE,TRUE,0,7.36E-06,1154.6845,383.74761,142.82983,619.31166,1205.5449,721.0325,0.39541109,7749.522,0.22562141,0,0,22206.225,22129.658,25,90.723824,DESKTOP-SDN3ES6,KYS_AI.cmsd\KYS_AI_00287,0,
288,LatinHyperCube,Complete,NormalTermination,Training,Auto,FALSE,TRUE,0,6.35E-06,911.08987,1090.4398,1162.7151,967.30402,225.81262,279.3499,0.21185468,1248.566,0.20497132,0,0,22581.154,22495.121,25,89.729912,DESKTOP-SDN3ES6,KYS_AI.cmsd\KYS_AI_00288,0,
289,LatinHyperCube,Complete,NormalTermination,Training,Auto,FALSE,TRUE,0,5.92E-06,1301.912,969.98088,718.35564,667.49522,779.92352,621.98853,0.25258126,6066.9216,0.13441683,0,0,22676.117,22589.117,25,91.260254,DESKTOP-SDN3ES6,KYS_AI.cmsd\KYS_AI_00289,0,
290,LatinHyperCube,Complete,NormalTermination,Training,Auto,FALSE,TRUE,0,9.20E-06,410.51625,528.29828,603.25048,279.3499,860.22945,335.56405,0.316826,8399.6176,0.34894837,0,0,22564.098,22492.795,25,89.145378,DESKTOP-SDN3ES6,KYS_AI.cmsd\KYS_AI_00290,0,
291,LatinHyperCube,Complete,AbnormalTermination,Training,Auto,FALSE,FALSE,0,9.30E-06,592.54302,630.01912,132.12237,549.71319,1323.327,514.91396,0.2376673,5933.0784,0.31969407,,,,,,,DESKTOP-SDN3ES6,KYS_AI.cmsd\KYS_AI_00291,0,
292,LatinHyperCube,Complete,NormalTermination,Training,Auto,FALSE,TRUE,0,7.27E-06,1323.327,209.75143,1467.8776,605.92734,1130.5927,343.59465,0.12982792,7424.4742,0.21873805,0,0,22920.256,22833.654,25,87.630341,DESKTOP-SDN3ES6,KYS_AI.cmsd\KYS_AI_00292,0,
293,LatinHyperCube,Complete,NormalTermination,Training,Auto,FALSE,TRUE,0,5.38E-06,1299.2352,1395.6023,252.58126,1336.7113,699.61759,1052.9637,0.13556405,8934.9904,0.32715105,0,0,21791.738,21711.096,25,90.880531,DESKTOP-SDN3ES6,KYS_AI.cmsd\KYS_AI_00293,0,
294,LatinHyperCube,Complete,AbnormalTermination,Training,Auto,FALSE,FALSE,0,7.99E-06,1307.2658,201.72084,1133.2696,1307.2658,986.04207,552.39006,0.10975143,8590.8222,0.24282983,,,,,,,DESKTOP-SDN3ES6,KYS_AI.cmsd\KYS_AI_00294,0,
295,LatinHyperCube,Complete,NormalTermination,Training,Auto,FALSE,TRUE,0,3.78E-06,204.39771,825.43021,969.98088,466.7304,488.14532,533.65201,0.34722753,9317.3996,0.15391969,0,0,22544.008,22458.992,25,88.158241,DESKTOP-SDN3ES6,KYS_AI.cmsd\KYS_AI_00295,0,
296,LatinHyperCube,Complete,NormalTermination,Training,Auto,FALSE,TRUE,0,6.43E-06,656.78776,817.39962,156.21415,439.96176,1181.4532,461.37667,0.26577438,7768.6424,0.1957935,0,0,22298.574,22222.945,25,92.447586,DESKTOP-SDN3ES6,KYS_AI.cmsd\KYS_AI_00296,0,
297,LatinHyperCube,Complete,NormalTermination,Training,Auto,FALSE,TRUE,0,7.78E-06,1422.3709,488.14532,881.64436,410.51625,951.24283,723.70937,0.15047801,8571.7017,0.25889101,0,0,22756.049,22670.561,25,89.773148,DESKTOP-SDN3ES6,KYS_AI.cmsd\KYS_AI_00297,0,
298,LatinHyperCube,Complete,NormalTermination,Training,Auto,FALSE,TRUE,0,9.46E-06,413.19312,1320.6501,541.6826,854.87572,324.8566,188.33652,0.34837476,3638.6233,0.21357553,0,0,22458.24,22375.428,25,90.623016,DESKTOP-SDN3ES6,KYS_AI.cmsd\KYS_AI_00298,0,
299,LatinHyperCube,Complete,NormalTermination,Training,Auto,FALSE,TRUE,0,9.84E-06,528.29828,956.59656,758.5086,1234.9904,929.82792,579.1587,0.11950287,6678.7763,0.20956023,0,0,22462.533,22375.113,25,90.299721,DESKTOP-SDN3ES6,KYS_AI.cmsd\KYS_AI_00299,0,
300,LatinHyperCube,Complete,NormalTermination,Training,Auto,FALSE,TRUE,0,4.55E-06,1060.9943,1291.2046,1245.6979,1170.7457,972.65774,1323.327,0.38451243,6965.5832,0.33116635,0,0,22448.92,22361.232,25,89.171928,DESKTOP-SDN3ES6,KYS_AI.cmsd\KYS_AI_00300,0,
301,LatinHyperCube,Complete,NormalTermination,Training,Auto,FALSE,TRUE,0,9.36E-06,836.13767,1457.1702,426.57744,1317.9732,568.45124,100,0.33919694,9279.1587,0.35181644,0,0,22316.266,22236.012,25,91.436485,DESKTOP-SDN3ES6,KYS_AI.cmsd\KYS_AI_00301,0,
302,LatinHyperCube,Complete,NormalTermination,Training,Auto,FALSE,TRUE,0,6.91E-06,694.26386,919.12046,1395.6023,795.9847,1328.6807,710.32505,0.18661568,7347.9924,0.3208413,0,0,22518.141,22431.703,25,89.050842,DESKTOP-SDN3ES6,KYS_AI.cmsd\KYS_AI_00302,0,
303,LatinHyperCube,Complete,NormalTermination,Training,Auto,FALSE,TRUE,0,5.28E-06,520.26769,878.9675,282.02677,110.70746,948.56597,761.18547,0.32600382,6028.6807,0.18202677,0,0,22756.668,22686.822,25,92.861237,DESKTOP-SDN3ES6,KYS_AI.cmsd\KYS_AI_00303,0,
304,LatinHyperCube,Complete,NormalTermination,Training,Auto,FALSE,TRUE,0,4.99E-06,1039.5793,1192.1606,108.03059,1039.5793,1288.5277,439.96176,0.25544933,7787.7629,0.21070746,0,0,21488.744,21408.904,25,90.834709,DESKTOP-SDN3ES6,KYS_AI.cmsd\KYS_AI_00304,0,
305,LatinHyperCube,Complete,NormalTermination,Training,Auto,FALSE,TRUE,0,5.02E-06,1339.3881,1200.1912,549.71319,185.65966,603.25048,1470.5545,0.12810707,10827.916,0.23135755,0,0,22904.332,22820.758,25,91.968636,DESKTOP-SDN3ES6,KYS_AI.cmsd\KYS_AI_00305,0,
306,LatinHyperCube,Complete,NormalTermination,Training,Auto,FALSE,TRUE,0,9.53E-06,1020.8413,1285.8509,951.24283,517.59082,528.29828,1103.8241,0.10745698,10024.857,0.30936902,0,0,22597.334,22510.686,25,89.50956,DESKTOP-SDN3ES6,KYS_AI.cmsd\KYS_AI_00306,0,
307,LatinHyperCube,Complete,NormalTermination,Training,Auto,FALSE,TRUE,0,7.93E-06,383.74761,830.78394,795.9847,1165.392,1478.5851,991.39579,0.291587,3294.4551,0.39770554,0,0,22441.564,22357.506,25,88.64872,DESKTOP-SDN3ES6,KYS_AI.cmsd\KYS_AI_00307,0,
308,LatinHyperCube,Complete,NormalTermination,Training,Auto,FALSE,TRUE,0,9.96E-06,1133.2696,164.24474,450.66922,592.54302,158.89101,878.9675,0.13154876,2892.9254,0.35927342,0,0,22575.928,22503.641,25,89.670296,DESKTOP-SDN3ES6,KYS_AI.cmsd\KYS_AI_00308,0,
309,LatinHyperCube,Complete,NormalTermination,Training,Auto,FALSE,TRUE,0,6.00E-06,1379.5411,1028.8719,1178.7763,611.28107,825.43021,423.90057,0.29617591,4479.9235,0.15564054,0,0,22717.854,22631.467,25,89.551346,DESKTOP-SDN3ES6,KYS_AI.cmsd\KYS_AI_00309,0,
310,LatinHyperCube,Complete,NormalTermination,Training,Auto,FALSE,TRUE,0,9.95E-06,148.18356,1063.6711,927.15105,207.07457,903.05927,314.14914,0.35525813,2319.3117,0.33977055,0,0,22390.814,22318.207,25,89.014519,DESKTOP-SDN3ES6,KYS_AI.cmsd\KYS_AI_00310,0,
311,LatinHyperCube,Complete,NormalTermination,Training,Auto,FALSE,TRUE,0,5.69E-06,212.4283,1125.239,1034.2256,247.22753,517.59082,265.96558,0.33690249,8514.3403,0.39139579,0,0,22416.049,22335.057,25,88.852951,DESKTOP-SDN3ES6,KYS_AI.cmsd\KYS_AI_00311,0,
312,LatinHyperCube,Complete,NormalTermination,Training,Auto,FALSE,TRUE,0,7.06E-06,1417.0172,903.05927,140.15296,793.30784,702.29446,734.41683,0.11147228,4785.8509,0.2456979,0,0,21689.062,21611.049,25,91.164436,DESKTOP-SDN3ES6,KYS_AI.cmsd\KYS_AI_00312,0,
313,LatinHyperCube,Complete,NormalTermination,Training,Auto,FALSE,TRUE,0,6.98E-06,1251.0516,362.3327,1261.7591,1036.9025,935.18164,969.98088,0.28470363,9929.2543,0.26634799,0,0,22686.994,22600.578,25,88.45414,DESKTOP-SDN3ES6,KYS_AI.cmsd\KYS_AI_00313,0,
314,LatinHyperCube,Complete,NormalTermination,Training,Auto,FALSE,TRUE,0,4.39E-06,303.44168,670.17208,180.30593,817.39962,456.02294,1181.4532,0.10229446,10082.218,0.16883365,0,0,22537.561,22458.252,25,89.236115,DESKTOP-SDN3ES6,KYS_AI.cmsd\KYS_AI_00314,0,
315,LatinHyperCube,Complete,NormalTermination,Training,Auto,FALSE,TRUE,0,6.84E-06,664.81836,239.19694,1031.5488,621.98853,1475.9082,1435.7553,0.28011472,5722.7533,0.15449331,0,0,22839.115,22754.631,25,87.43914,DESKTOP-SDN3ES6,KYS_AI.cmsd\KYS_AI_00315,0,
316,LatinHyperCube,Complete,NormalTermination,Training,Auto,FALSE,TRUE,0,6.73E-06,600.57361,961.95029,809.36902,1309.9426,314.14914,980.68834,0.33804971,6946.4627,0.29388145,0,0,22431.096,22345.711,25,89.196877,DESKTOP-SDN3ES6,KYS_AI.cmsd\KYS_AI_00316,0,
317,LatinHyperCube,Complete,NormalTermination,Training,Auto,FALSE,TRUE,0,7.59E-06,1336.7113,1184.13,862.90631,418.54685,359.65583,1138.6233,0.31395793,3390.0574,0.26061185,0,0,22596.596,22510.48,25,90.233337,DESKTOP-SDN3ES6,KYS_AI.cmsd\KYS_AI_00317,0,
318,LatinHyperCube,Complete,NormalTermination,Training,Auto,FALSE,TRUE,0,7.11E-06,651.43403,255.25813,1010.1338,113.38432,383.74761,656.78776,0.22045889,7042.065,0.27208413,0,0,22782.486,22708.838,25,87.428085,DESKTOP-SDN3ES6,KYS_AI.cmsd\KYS_AI_00318,0,
319,LatinHyperCube,Complete,NormalTermination,Training,Auto,FALSE,TRUE,0,4.07E-06,961.95029,844.16826,975.33461,699.61759,191.01338,750.47801,0.32026769,9565.9656,0.18833652,0,0,22747.471,22661.064,25,89.419907,DESKTOP-SDN3ES6,KYS_AI.cmsd\KYS_AI_00319,0,
320,LatinHyperCube,Complete,NormalTermination,Training,Auto,FALSE,TRUE,0,7.97E-06,1243.021,769.21606,1135.9465,1486.6157,801.33843,421.22371,0.17973231,5149.1396,0.19808795,0,0,22619.881,22533.541,25,89.489075,DESKTOP-SDN3ES6,KYS_AI.cmsd\KYS_AI_00320,0,
321,LatinHyperCube,Complete,NormalTermination,Training,Auto,FALSE,TRUE,0,5.97E-06,710.32505,841.4914,365.00956,383.74761,1221.6061,539.00574,0.2543021,3715.1052,0.3959847,0,0,22515.047,22443.953,25,91.769897,DESKTOP-SDN3ES6,KYS_AI.cmsd\KYS_AI_00321,0,
322,LatinHyperCube,Complete,NormalTermination,Training,Auto,FALSE,TRUE,0,8.01E-06,1360.8031,225.81262,616.6348,878.9675,466.7304,241.8738,0.19407266,9527.7247,0.18260038,0,0,22690.68,22603.545,25,90.10881,DESKTOP-SDN3ES6,KYS_AI.cmsd\KYS_AI_00322,0,
323,LatinHyperCube,Complete,NormalTermination,Training,Auto,FALSE,TRUE,0,3.50E-06,1296.5583,1454.4933,1154.6845,1218.9293,777.24665,1015.4876,0.19349904,6047.8011,0.39426386,0,0,22426.352,22338.645,25,89.39846,DESKTOP-SDN3ES6,KYS_AI.cmsd\KYS_AI_00323,0,
324,LatinHyperCube,Complete,NormalTermination,Training,Auto,FALSE,TRUE,0,3.27E-06,1304.5889,1433.0784,306.11855,771.89293,691.587,477.43786,0.26749522,5378.5851,0.1418738,0,0,21805.213,21717.422,25,93.561493,DESKTOP-SDN3ES6,KYS_AI.cmsd\KYS_AI_00324,0,
325,LatinHyperCube,Complete,NormalTermination,Training,Auto,FALSE,TRUE,0,7.50E-06,1208.2218,1403.6329,1077.0554,873.61377,782.60038,932.50478,0.20038241,4824.0918,0.14703633,0,0,22590.744,22504.787,25,90.203796,DESKTOP-SDN3ES6,KYS_AI.cmsd\KYS_AI_00325,0,
326,LatinHyperCube,Complete,NormalTermination,Training,Auto,FALSE,TRUE,0,7.70E-06,828.10707,726.38623,1157.3614,809.36902,367.68642,126.76864,0.2416826,4938.8145,0.15277247,0,0,22662.596,22576.361,25,88.765892,DESKTOP-SDN3ES6,KYS_AI.cmsd\KYS_AI_00326,0,
327,LatinHyperCube,Complete,NormalTermination,Training,Auto,FALSE,TRUE,0,8.82E-06,812.04589,929.82792,1331.3576,346.27151,1433.0784,381.07075,0.39827916,9068.8337,0.20095602,0,0,22558.539,22472.422,25,88.740379,DESKTOP-SDN3ES6,KYS_AI.cmsd\KYS_AI_00327,0,
328,LatinHyperCube,Complete,NormalTermination,Training,Auto,FALSE,TRUE,0,6.79E-06,514.91396,466.7304,948.56597,600.57361,878.9675,662.14149,0.10917782,7902.4857,0.35066922,0,0,22658.484,22572.469,25,87.768456,DESKTOP-SDN3ES6,KYS_AI.cmsd\KYS_AI_00328,0,
329,LatinHyperCube,Complete,NormalTermination,Training,Auto,FALSE,TRUE,0,4.78E-06,755.83174,1026.195,994.07266,271.31931,1457.1702,1050.2868,0.12581262,1133.8432,0.34608031,0,0,22781.447,22696.203,25,88.9403,DESKTOP-SDN3ES6,KYS_AI.cmsd\KYS_AI_00329,0,
330,LatinHyperCube,Complete,NormalTermination,Training,Auto,FALSE,TRUE,0,4.04E-06,239.19694,418.54685,707.64818,884.32122,223.13576,549.71319,0.38910134,3963.6711,0.18489484,0,0,22663.734,22578.777,25,87.264938,DESKTOP-SDN3ES6,KYS_AI.cmsd\KYS_AI_00330,0,
331,LatinHyperCube,Complete,NormalTermination,Training,Auto,FALSE,TRUE,0,5.86E-06,878.9675,1135.9465,576.48184,1395.6023,1018.1644,1371.5105,0.30650096,2510.5163,0.34665392,0,0,22368.27,22284.934,25,90.269119,DESKTOP-SDN3ES6,KYS_AI.cmsd\KYS_AI_00331,0,
332,LatinHyperCube,Complete,NormalTermination,Training,Auto,FALSE,TRUE,0,6.07E-06,145.50669,1371.5105,522.94455,196.36711,1202.8681,675.52581,0.18030593,10005.736,0.1332696,0,0,22437.277,22351.707,25,91.444328,DESKTOP-SDN3ES6,KYS_AI.cmsd\KYS_AI_00332,0,
333,LatinHyperCube,Complete,NormalTermination,Training,Auto,FALSE,TRUE,0,3.11E-06,442.63862,1384.8948,640.72658,646.08031,354.3021,1152.0076,0.19292543,5799.2352,0.38565966,0,0,22482.26,22401.709,25,90.013802,DESKTOP-SDN3ES6,KYS_AI.cmsd\KYS_AI_00333,0,
334,LatinHyperCube,Complete,NormalTermination,Training,Auto,FALSE,TRUE,0,3.41E-06,1069.0249,549.71319,429.2543,330.21033,737.09369,445.31549,0.26061185,1191.2046,0.20554493,0,0,22868.842,22790.609,25,91.824066,DESKTOP-SDN3ES6,KYS_AI.cmsd\KYS_AI_00334,0,
335,LatinHyperCube,Complete,NormalTermination,Training,Auto,FALSE,TRUE,0,3.96E-06,1454.4933,1400.956,373.04015,908.413,356.97897,1449.1396,0.27036329,4709.369,0.2709369,0,0,21984.266,21902.266,25,92.731201,DESKTOP-SDN3ES6,KYS_AI.cmsd\KYS_AI_00335,0,
336,LatinHyperCube,Complete,NormalTermination,Training,Auto,FALSE,TRUE,0,4.86E-06,624.66539,410.51625,1197.5143,204.39771,675.52581,1422.3709,0.16022945,1956.0229,0.13499044,0,0,23192.074,23104.889,25,87.660339,DESKTOP-SDN3ES6,KYS_AI.cmsd\KYS_AI_00336,0,
337,LatinHyperCube,Complete,NormalTermination,Training,Auto,FALSE,TRUE,0,9.40E-06,1256.4054,892.35182,793.30784,597.89675,1173.4226,1106.501,0.18948375,6143.4034,0.3541109,0,0,22540.949,22457.66,25,89.990601,DESKTOP-SDN3ES6,KYS_AI.cmsd\KYS_AI_00337,0,
338,LatinHyperCube,Complete,NormalTermination,Training,Auto,FALSE,TRUE,0,3.16E-06,215.10516,1178.7763,1202.8681,555.06692,1135.9465,1443.7859,0.28298279,1994.2639,0.11835564,0,0,22353.73,22267.488,25,88.374298,DESKTOP-SDN3ES6,KYS_AI.cmsd\KYS_AI_00338,0,
339,LatinHyperCube,Complete,NormalTermination,Training,Auto,FALSE,TRUE,0,9.26E-06,228.48948,635.37285,1406.3098,1090.4398,1178.7763,1336.7113,0.37705545,1726.5774,0.19005736,0,0,22463.154,22376.914,25,86.014191,DESKTOP-SDN3ES6,KYS_AI.cmsd\KYS_AI_00339,0,
340,LatinHyperCube,Complete,NormalTermination,Training,Auto,FALSE,TRUE,0,3.98E-06,1170.7457,1481.262,587.18929,1141.3002,1146.6539,308.79541,0.10860421,2013.3843,0.25717017,0,0,22336.346,22250.709,25,91.699486,DESKTOP-SDN3ES6,KYS_AI.cmsd\KYS_AI_00340,0,
341,LatinHyperCube,Complete,NormalTermination,Training,Auto,FALSE,TRUE,0,8.38E-06,418.54685,174.9522,1216.2524,1312.6195,686.23327,1149.3308,0.11032505,7539.1969,0.3001912,0,0,22758.49,22673.004,25,85.991882,DESKTOP-SDN3ES6,KYS_AI.cmsd\KYS_AI_00341,0,
342,LatinHyperCube,Complete,NormalTermination,Training,Auto,FALSE,TRUE,0,7.23E-06,889.67495,493.49904,1459.847,1208.2218,1237.6673,1194.8375,0.30191205,6774.3786,0.35296367,0,0,22587.309,22501.543,25,87.903183,DESKTOP-SDN3ES6,KYS_AI.cmsd\KYS_AI_00342,0,
343,LatinHyperCube,Complete,NormalTermination,Training,Auto,FALSE,TRUE,0,3.47E-06,456.02294,512.23709,174.9522,541.6826,418.54685,1269.7897,0.23709369,10751.434,0.25602294,0,0,22522.221,22447.615,25,90.59494,DESKTOP-SDN3ES6,KYS_AI.cmsd\KYS_AI_00343,0,
344,LatinHyperCube,Complete,NormalTermination,Training,Auto,FALSE,TRUE,0,3.04E-06,900.38241,713.00191,1371.5105,461.37667,868.26004,694.26386,0.36156788,9604.2065,0.33173996,0,0,22748.576,22662.654,25,88.247864,DESKTOP-SDN3ES6,KYS_AI.cmsd\KYS_AI_00344,0,
345,LatinHyperCube,Complete,AbnormalTermination,Training,Auto,FALSE,FALSE,0,5.21E-06,164.24474,1382.218,193.69025,1438.4321,579.1587,635.37285,0.25946463,5015.2964,0.32428298,,,,,,,DESKTOP-SDN3ES6,KYS_AI.cmsd\KYS_AI_00345,0,
346,LatinHyperCube,Complete,NormalTermination,Training,Auto,FALSE,TRUE,0,8.22E-06,389.10134,1007.457,737.09369,158.89101,980.68834,929.82792,0.39713193,3657.7438,0.21816444,0,0,22599.6,22518.838,25,89.540436,DESKTOP-SDN3ES6,KYS_AI.cmsd\KYS_AI_00346,0,
347,LatinHyperCube,Complete,NormalTermination,Training,Auto,FALSE,TRUE,0,8.55E-06,1130.5927,608.60421,308.79541,718.35564,758.5086,482.79159,0.15219885,6391.9694,0.18776291,0,0,22427.102,22346.162,25,91.240097,DESKTOP-SDN3ES6,KYS_AI.cmsd\KYS_AI_00347,0,
348,LatinHyperCube,Complete,NormalTermination,Training,Auto,FALSE,TRUE,0,9.14E-06,940.53537,402.48566,723.70937,1301.912,300.76482,209.75143,0.24741874,2434.0344,0.23193117,0,0,22594.875,22509.922,25,88.46331,DESKTOP-SDN3ES6,KYS_AI.cmsd\KYS_AI_00348,0,
349,LatinHyperCube,Complete,NormalTermination,Training,Auto,FALSE,TRUE,0,6.19E-06,1192.1606,1157.3614,812.04589,841.4914,1186.8069,1026.195,0.18604207,3753.3461,0.24053537,0,0,22550.387,22462.287,25,90.864616,DESKTOP-SDN3ES6,KYS_AI.cmsd\KYS_AI_00349,0,
350,LatinHyperCube,Complete,NormalTermination,Training,Auto,FALSE,TRUE,0,6.60E-06,402.48566,1066.348,785.27725,1478.5851,177.62906,747.80115,0.22160612,3103.2505,0.24971319,0,0,22362.492,22276.979,25,89.271118,DESKTOP-SDN3ES6,KYS_AI.cmsd\KYS_AI_00350,0,
351,LatinHyperCube,Complete,NormalTermination,Training,Auto,FALSE,TRUE,0,7.56E-06,292.73423,662.14149,782.60038,375.71702,648.75717,1283.174,0.36730402,7845.1243,0.39827916,0,0,22542.035,22463.693,25,88.081085,DESKTOP-SDN3ES6,KYS_AI.cmsd\KYS_AI_00351,0,
352,LatinHyperCube,Complete,NormalTermination,Training,Auto,FALSE,TRUE,0,9.91E-06,1489.2925,921.79732,1093.1166,506.88337,102.67686,1253.7285,0.34206501,2625.239,0.27954111,0,0,22560.996,22474.449,25,89.591476,DESKTOP-SDN3ES6,KYS_AI.cmsd\KYS_AI_00352,0,
353,LatinHyperCube,Complete,NormalTermination,Training,Auto,FALSE,TRUE,0,3.33E-06,1275.1434,469.40727,1146.6539,1374.1874,276.67304,560.42065,0.21644359,11000,0.1998088,0,0,22950.885,22864.561,25,88.704826,DESKTOP-SDN3ES6,KYS_AI.cmsd\KYS_AI_00353,0,
354,LatinHyperCube,Complete,NormalTermination,Training,Auto,FALSE,TRUE,0,4.30E-06,881.64436,999.42639,260.61185,1446.4627,351.62524,273.99618,0.3873805,5550.6692,0.17686424,0,0,22096.443,22013.643,25,89.925026,DESKTOP-SDN3ES6,KYS_AI.cmsd\KYS_AI_00354,0,
355,LatinHyperCube,Complete,NormalTermination,Training,Auto,FALSE,TRUE,0,7.43E-06,199.04398,343.59465,755.83174,1259.0822,193.69025,1202.8681,0.36271511,10196.941,0.3248566,0,0,22540.404,22458.49,25,85.665909,DESKTOP-SDN3ES6,KYS_AI.cmsd\KYS_AI_00355,0,
356,LatinHyperCube,Complete,NormalTermination,Training,Auto,FALSE,TRUE,0,7.51E-06,332.88719,747.80115,1176.0994,935.18164,249.9044,1489.2925,0.30363289,3772.4665,0.11319312,0,0,22481.697,22396.02,25,87.648979,DESKTOP-SDN3ES6,KYS_AI.cmsd\KYS_AI_00356,0,
357,LatinHyperCube,Complete,NormalTermination,Training,Auto,FALSE,TRUE,0,6.04E-06,854.87572,1095.7935,959.27342,255.25813,643.40344,664.81836,0.33116635,9221.7973,0.35583174,0,0,22604.795,22524.264,25,89.529915,DESKTOP-SDN3ES6,KYS_AI.cmsd\KYS_AI_00357,0,
358,LatinHyperCube,Complete,AbnormalTermination,Training,Auto,FALSE,FALSE,0,8.67E-06,351.62524,924.47419,1229.6367,265.96558,597.89675,1205.5449,0.23193117,7692.1606,0.19464627,,,,,,,DESKTOP-SDN3ES6,KYS_AI.cmsd\KYS_AI_00358,0,
359,LatinHyperCube,Complete,NormalTermination,Training,Auto,FALSE,TRUE,0,8.73E-06,908.413,828.10707,747.80115,1430.4015,1165.392,1309.9426,0.12638623,3237.0937,0.23078394,0,0,22520.957,22433.902,25,89.643181,DESKTOP-SDN3ES6,KYS_AI.cmsd\KYS_AI_00359,0,
360,LatinHyperCube,Complete,NormalTermination,Training,Auto,FALSE,TRUE,0,4.43E-06,257.93499,453.34608,643.40344,263.28872,450.66922,373.04015,0.27839388,6736.1377,0.18661568,0,0,22898.898,22816.188,25,88.150742,DESKTOP-SDN3ES6,KYS_AI.cmsd\KYS_AI_00360,0,
361,LatinHyperCube,Complete,NormalTermination,Training,Auto,FALSE,TRUE,0,6.05E-06,1047.6099,1047.6099,865.58317,1221.6061,1465.2008,1210.8987,0.1166348,7596.5583,0.25372849,0,0,22527.293,22439.369,25,90.171432,DESKTOP-SDN3ES6,KYS_AI.cmsd\KYS_AI_00361,0,
362,LatinHyperCube,Complete,NormalTermination,Training,Auto,FALSE,TRUE,0,3.64E-06,1350.0956,667.49522,986.04207,236.52008,881.64436,172.27533,0.26921606,5875.717,0.29847036,0,0,22864.707,22779.092,25,89.698235,DESKTOP-SDN3ES6,KYS_AI.cmsd\KYS_AI_00362,0,
363,LatinHyperCube,Complete,AbnormalTermination,Training,Auto,FALSE,FALSE,0,6.01E-06,233.84321,1181.4532,102.67686,996.74952,1248.3748,825.43021,0.12523901,4040.153,0.183174,,,,,,,DESKTOP-SDN3ES6,KYS_AI.cmsd\KYS_AI_00363,0,
364,LatinHyperCube,Complete,NormalTermination,Training,Auto,FALSE,TRUE,0,3.82E-06,841.4914,1087.7629,860.22945,1178.7763,892.35182,801.33843,0.14646272,10388.145,0.15678776,0,0,22614.904,22528.377,25,90.145538,DESKTOP-SDN3ES6,KYS_AI.cmsd\KYS_AI_00364,0,
365,LatinHyperCube,Complete,NormalTermination,Training,Auto,FALSE,TRUE,0,7.46E-06,156.21415,1020.8413,779.92352,1101.1472,846.84512,1130.5927,0.25602294,6200.7648,0.16596558,0,0,22231.916,22146.525,25,89.133545,DESKTOP-SDN3ES6,KYS_AI.cmsd\KYS_AI_00365,0,
366,LatinHyperCube,Complete,NormalTermination,Training,Auto,FALSE,TRUE,0,9.93E-06,905.73614,1138.6233,300.76482,445.31549,1497.3231,431.93117,0.38967495,4365.2008,0.27609943,0,0,22392.23,22317.131,25,92.73159,DESKTOP-SDN3ES6,KYS_AI.cmsd\KYS_AI_00366,0,
367,LatinHyperCube,Complete,NormalTermination,Training,Auto,FALSE,TRUE,0,9.49E-06,1497.3231,721.0325,1192.1606,1411.6635,295.41109,809.36902,0.26405354,9432.1224,0.25200765,0,0,22551.086,22464.473,25,89.327316,DESKTOP-SDN3ES6,KYS_AI.cmsd\KYS_AI_00367,0,
368,LatinHyperCube,Complete,NormalTermination,Training,Auto,FALSE,TRUE,0,5.06E-06,1427.7247,1093.1166,399.8088,1243.021,1157.3614,1127.9159,0.13441683,6850.8604,0.27782027,0,0,22078.377,21994.928,25,91.708923,DESKTOP-SDN3ES6,KYS_AI.cmsd\KYS_AI_00368,0,
369,LatinHyperCube,Complete,NormalTermination,Training,Auto,FALSE,TRUE,0,5.14E-06,678.20268,158.89101,729.0631,156.21415,287.3805,356.97897,0.33001912,10713.193,0.14875717,0,0,23017.244,22936.238,25,87.763199,DESKTOP-SDN3ES6,KYS_AI.cmsd\KYS_AI_00369,0,
370,LatinHyperCube,Complete,NormalTermination,Training,Auto,FALSE,TRUE,0,6.61E-06,576.48184,742.44742,597.89675,1087.7629,1483.9388,1267.1128,0.29101338,3026.7686,0.20783939,0,0,22535.377,22448.494,25,89.999168,DESKTOP-SDN3ES6,KYS_AI.cmsd\KYS_AI_00370,0,
371,LatinHyperCube,Complete,NormalTermination,Training,Auto,FALSE,TRUE,0,4.24E-06,166.92161,1323.327,670.17208,290.05736,1352.7725,881.64436,0.29043977,5130.0191,0.30592734,0,0,22361.957,22277.951,25,90.280998,DESKTOP-SDN3ES6,KYS_AI.cmsd\KYS_AI_00371,0,
372,LatinHyperCube,Complete,NormalTermination,Training,Auto,FALSE,TRUE,0,6.88E-06,108.03059,1408.9866,1384.8948,244.55067,308.79541,121.41491,0.24913958,2070.7457,0.16022945,0,0,22043.295,21958.293,25,89.402641,DESKTOP-SDN3ES6,KYS_AI.cmsd\KYS_AI_00372,0,
373,LatinHyperCube,Complete,NormalTermination,Training,Auto,FALSE,TRUE,0,6.17E-06,439.96176,865.58317,1237.6673,868.26004,365.00956,1425.0478,0.17399618,2873.805,0.23652008,0,0,22474.818,22386.137,25,87.990875,DESKTOP-SDN3ES6,KYS_AI.cmsd\KYS_AI_00373,0,
374,LatinHyperCube,Complete,NormalTermination,Training,Auto,FALSE,TRUE,0,9.54E-06,488.14532,100,472.08413,140.15296,1344.7419,469.40727,0.18432122,2491.3958,0.12810707,0,0,22939.92,22867.209,25,88.820015,DESKTOP-SDN3ES6,KYS_AI.cmsd\KYS_AI_00374,0,
375,LatinHyperCube,Complete,NormalTermination,Training,Auto,FALSE,TRUE,0,4.42E-06,244.55067,787.95411,1055.6405,429.2543,969.98088,1451.8164,0.31510516,8648.1836,0.39311663,0,0,22517.805,22434.396,25,87.533279,DESKTOP-SDN3ES6,KYS_AI.cmsd\KYS_AI_00375,0,
376,LatinHyperCube,Complete,NormalTermination,Training,Auto,FALSE,TRUE,0,6.59E-06,397.13193,576.48184,110.70746,632.69598,1093.1166,1248.3748,0.15334608,4594.6463,0.22045889,0,0,22350.527,22275.232,25,89.828941,DESKTOP-SDN3ES6,KYS_AI.cmsd\KYS_AI_00376,0,
377,LatinHyperCube,Complete,NormalTermination,Training,Auto,FALSE,TRUE,0,4.31E-06,509.56023,295.41109,177.62906,1269.7897,124.09178,199.04398,0.32829828,9776.2906,0.26864245,0,0,22521.385,22443.545,25,86.196205,DESKTOP-SDN3ES6,KYS_AI.cmsd\KYS_AI_00377,0,
378,LatinHyperCube,Complete,NormalTermination,Training,Auto,FALSE,TRUE,0,4.22E-06,118.73805,265.96558,1117.2084,1392.9254,426.57744,1034.2256,0.29502868,6124.283,0.36099426,0,0,22718.871,22636.244,25,82.992989,DESKTOP-SDN3ES6,KYS_AI.cmsd\KYS_AI_00378,0,
379,LatinHyperCube,Complete,NormalTermination,Training,Auto,FALSE,TRUE,0,8.27E-06,1036.9025,271.31931,1060.9943,862.90631,753.15488,1192.1606,0.16768642,2835.5641,0.17170172,0,0,22821.805,22734.678,25,88.368698,DESKTOP-SDN3ES6,KYS_AI.cmsd\KYS_AI_00379,0,
380,LatinHyperCube,Complete,NormalTermination,Training,Auto,FALSE,TRUE,0,8.09E-06,1315.2964,870.9369,828.10707,1213.5755,1077.0554,1018.1644,0.34665392,4804.9713,0.26692161,0,0,22482.812,22395.643,25,90.127663,DESKTOP-SDN3ES6,KYS_AI.cmsd\KYS_AI_00380,0,
381,LatinHyperCube,Complete,NormalTermination,Training,Auto,FALSE,TRUE,0,5.58E-06,172.27533,447.99235,699.61759,191.01338,1060.9943,844.16826,0.25774379,9489.4837,0.22963671,0,0,22780.418,22703.459,25,87.564697,DESKTOP-SDN3ES6,KYS_AI.cmsd\KYS_AI_00381,0,
382,LatinHyperCube,Complete,NormalTermination,Training,Auto,FALSE,TRUE,0,8.69E-06,482.79159,1344.7419,696.94073,905.73614,1218.9293,836.13767,0.34493308,1076.4818,0.17342256,0,0,22463.5,22376.443,25,90.09481,DESKTOP-SDN3ES6,KYS_AI.cmsd\KYS_AI_00382,0,
383,LatinHyperCube,Complete,NormalTermination,Training,Auto,FALSE,TRUE,0,3.40E-06,862.90631,199.04398,1403.6329,201.72084,512.23709,1355.4493,0.36787763,2759.0822,0.26978967,0,0,22964.543,22879.258,25,86.280075,DESKTOP-SDN3ES6,KYS_AI.cmsd\KYS_AI_00383,0,
384,LatinHyperCube,Complete,NormalTermination,Training,Auto,FALSE,TRUE,0,6.63E-06,279.3499,707.64818,407.83939,640.72658,635.37285,228.48948,0.14818356,6793.499,0.1040153,0,0,22678.352,22593.543,25,90.706161,DESKTOP-SDN3ES6,KYS_AI.cmsd\KYS_AI_00384,0,
385,LatinHyperCube,Complete,NormalTermination,Training,Auto,FALSE,TRUE,0,3.94E-06,1077.0554,1312.6195,241.8738,1296.5583,841.4914,576.48184,0.22676864,1707.457,0.16826004,0,0,21601.021,21517.469,25,91.180275,DESKTOP-SDN3ES6,KYS_AI.cmsd\KYS_AI_00385,0,
386,LatinHyperCube,Complete,AbnormalTermination,Training,Auto,FALSE,FALSE,0,5.64E-06,999.42639,980.68834,223.13576,1435.7553,464.05354,1277.8203,0.12179732,2969.4073,0.33862333,,,,,,,DESKTOP-SDN3ES6,KYS_AI.cmsd\KYS_AI_00386,0,
387,LatinHyperCube,Complete,NormalTermination,Training,Auto,FALSE,TRUE,0,4.49E-06,1221.6061,664.81836,820.07648,595.21989,589.86616,354.3021,0.19120459,9718.9293,0.17801147,0,0,22952.352,22865.949,25,90.250488,DESKTOP-SDN3ES6,KYS_AI.cmsd\KYS_AI_00387,0,
388,LatinHyperCube,Complete,NormalTermination,Training,Auto,FALSE,TRUE,0,8.45E-06,169.59847,1208.2218,1234.9904,426.57744,638.04971,1055.6405,0.28699809,3600.3824,0.26003824,0,0,22364.811,22279.232,25,88.411911,DESKTOP-SDN3ES6,KYS_AI.cmsd\KYS_AI_00388,0,
389,LatinHyperCube,Complete,NormalTermination,Training,Auto,FALSE,TRUE,0,8.34E-06,659.46463,750.47801,413.19312,670.17208,273.99618,608.60421,0.22562141,3256.2141,0.1585086,0,0,22571.854,22487.514,25,91.09594,DESKTOP-SDN3ES6,KYS_AI.cmsd\KYS_AI_00389,0,
390,LatinHyperCube,Complete,NormalTermination,Training,Auto,FALSE,TRUE,0,6.47E-06,646.08031,573.80497,678.20268,1398.2792,897.70554,630.01912,0.2749522,9336.5201,0.10458891,0,0,22628.393,22541.162,25,88.964066,DESKTOP-SDN3ES6,KYS_AI.cmsd\KYS_AI_00390,0,
391,LatinHyperCube,Complete,NormalTermination,Training,Auto,FALSE,TRUE,0,6.12E-06,102.67686,129.44551,217.78203,900.38241,656.78776,1111.8547,0.35927342,2223.7094,0.10286807,0,0,22780.35,22700.883,25,82.710304,DESKTOP-SDN3ES6,KYS_AI.cmsd\KYS_AI_00391,0,
392,LatinHyperCube,Complete,AbnormalTermination,Training,Auto,FALSE,FALSE,0,7.85E-06,348.94837,1117.2084,504.2065,1135.9465,1213.5755,490.82218,0.35468451,10923.518,0.30478011,,,,,,,DESKTOP-SDN3ES6,KYS_AI.cmsd\KYS_AI_00392,0,
393,LatinHyperCube,Complete,NormalTermination,Training,Auto,FALSE,TRUE,0,8.70E-06,555.06692,632.69598,565.77438,1079.7323,1012.8107,624.66539,0.19866157,10541.109,0.17571702,0,0,22609.555,22523.949,25,90.071381,DESKTOP-SDN3ES6,KYS_AI.cmsd\KYS_AI_00393,0,
394,LatinHyperCube,Complete,NormalTermination,Training,Auto,FALSE,TRUE,0,8.07E-06,630.01912,1491.9694,1106.501,726.38623,1162.7151,1218.9293,0.183174,8036.3289,0.23422562,0,0,22430.986,22344.014,25,89.602791,DESKTOP-SDN3ES6,KYS_AI.cmsd\KYS_AI_00394,0,
395,LatinHyperCube,Complete,NormalTermination,Training,Auto,FALSE,TRUE,0,4.94E-06,1283.174,627.34226,656.78776,745.12428,836.13767,870.9369,0.1458891,5034.4168,0.21013384,0,0,22787.32,22699.834,25,91.081009,DESKTOP-SDN3ES6,KYS_AI.cmsd\KYS_AI_00395,0,
396,LatinHyperCube,Complete,NormalTermination,Training,Auto,FALSE,TRUE,0,5.18E-06,247.22753,150.86042,1044.9331,1489.2925,798.66157,1459.847,0.12695985,7673.0402,0.26520076,0,0,22981.121,22896.236,25,83.54464,DESKTOP-SDN3ES6,KYS_AI.cmsd\KYS_AI_00396,0,
397,LatinHyperCube,Complete,NormalTermination,Training,Auto,FALSE,TRUE,0,4.33E-06,1358.1262,1085.086,919.12046,292.73423,584.51243,1117.2084,0.30764818,8954.1109,0.31108987,0,0,22738.248,22653.299,25,90.091042,DESKTOP-SDN3ES6,KYS_AI.cmsd\KYS_AI_00397,0,
398,LatinHyperCube,Complete,NormalTermination,Training,Auto,FALSE,TRUE,0,9.72E-06,1473.2314,1237.6673,525.62141,913.76673,549.71319,450.66922,0.30535373,8437.8585,0.13843212,0,0,22413.652,22326.27,25,92.490479,DESKTOP-SDN3ES6,KYS_AI.cmsd\KYS_AI_00398,0,
399,LatinHyperCube,Complete,NormalTermination,Training,Auto,FALSE,TRUE,0,7.14E-06,1406.3098,860.22945,662.14149,225.81262,908.413,921.79732,0.37648184,9049.7132,0.33288719,0,0,22585.449,22510.328,25,90.598831,DESKTOP-SDN3ES6,KYS_AI.cmsd\KYS_AI_00399,0,
400,LatinHyperCube,Complete,NormalTermination,Training,Auto,FALSE,TRUE,0,8.13E-06,1344.7419,868.26004,249.9044,498.85277,1315.2964,1379.5411,0.13613767,1172.0841,0.2749522,0,0,22235.285,22159.02,25,93.255356,DESKTOP-SDN3ES6,KYS_AI.cmsd\KYS_AI_00400,0,
401,LatinHyperCube,Complete,NormalTermination,Training,Auto,FALSE,TRUE,0,7.08E-06,680.87954,298.08795,1317.9732,581.83556,442.63862,1414.3403,0.39311663,3944.5507,0.10745698,0,0,22775.506,22689.783,25,86.505859,DESKTOP-SDN3ES6,KYS_AI.cmsd\KYS_AI_00401,0,
402,LatinHyperCube,Complete,NormalTermination,Training,Auto,FALSE,TRUE,0,6.80E-06,903.05927,1146.6539,1323.327,742.44742,1253.7285,672.84895,0.20095602,10674.952,0.28068834,0,0,22537.131,22450.516,25,88.921745,DESKTOP-SDN3ES6,KYS_AI.cmsd\KYS_AI_00402,0,
403,LatinHyperCube,Complete,NormalTermination,Training,Auto,FALSE,TRUE,0,8.39E-06,986.04207,196.36711,1141.3002,456.02294,121.41491,1082.4092,0.21931166,4154.8757,0.15047801,0,0,22868.711,22782.713,25,87.585945,DESKTOP-SDN3ES6,KYS_AI.cmsd\KYS_AI_00403,0,
404,LatinHyperCube,Complete,NormalTermination,Training,Auto,FALSE,TRUE,0,5.44E-06,356.97897,1486.6157,402.48566,239.19694,1419.6941,999.42639,0.12122371,2586.9981,0.15105163,0,0,22802.764,22721.256,25,92.544983,DESKTOP-SDN3ES6,KYS_AI.cmsd\KYS_AI_00404,0,
405,LatinHyperCube,Complete,NormalTermination,Training,Auto,FALSE,TRUE,0,7.04E-06,643.40344,118.73805,1004.7801,1304.5889,1317.9732,632.69598,0.21759082,3198.8528,0.34091778,0,0,22701.922,22621.148,25,86.50251,DESKTOP-SDN3ES6,KYS_AI.cmsd\KYS_AI_00405,0,
406,LatinHyperCube,Complete,NormalTermination,Training,Auto,FALSE,TRUE,0,9.44E-06,654.1109,624.66539,1119.8853,1181.4532,447.99235,613.95793,0.38393881,1325.0478,0.25028681,0,0,22519.963,22433.125,25,88.241486,DESKTOP-SDN3ES6,KYS_AI.cmsd\KYS_AI_00406,0,
407,LatinHyperCube,Complete,NormalTermination,Training,Auto,FALSE,TRUE,0,3.74E-06,1152.0076,370.36329,257.93499,940.53537,1283.174,201.72084,0.15965583,7080.3059,0.28929254,0,0,22348.625,22270.951,25,89.276878,DESKTOP-SDN3ES6,KYS_AI.cmsd\KYS_AI_00407,0,
408,LatinHyperCube,Complete,NormalTermination,Training,Auto,FALSE,TRUE,0,9.28E-06,924.47419,113.38432,1491.9694,579.1587,174.9522,1243.021,0.18718929,4843.2122,0.28183556,0,0,22741.779,22657.625,25,86.256454,DESKTOP-SDN3ES6,KYS_AI.cmsd\KYS_AI_00408,0,
409,LatinHyperCube,Complete,NormalTermination,Training,Auto,FALSE,TRUE,0,3.07E-06,1449.1396,833.4608,1090.4398,1264.4359,1111.8547,156.21415,0.38623327,7367.1128,0.26577438,0,0,22664.129,22577.156,25,89.344406,DESKTOP-SDN3ES6,KYS_AI.cmsd\KYS_AI_00409,0,
410,LatinHyperCube,Complete,NormalTermination,Training,Auto,FALSE,TRUE,0,1.00E-05,589.86616,563.09751,263.28872,447.99235,437.28489,196.36711,0.16998088,2089.8662,0.24397706,0,0,22543.248,22470.686,25,91.294365,DESKTOP-SDN3ES6,KYS_AI.cmsd\KYS_AI_00410,0,
411,LatinHyperCube,Complete,NormalTermination,Training,Auto,FALSE,TRUE,0,8.47E-06,1261.7591,1186.8069,932.50478,177.62906,1382.218,1467.8776,0.36214149,7462.7151,0.19694073,0,0,22651.072,22564.295,25,89.972427,DESKTOP-SDN3ES6,KYS_AI.cmsd\KYS_AI_00411,0,
412,LatinHyperCube,Complete,NormalTermination,Training,Auto,FALSE,TRUE,0,4.75E-06,860.22945,755.83174,739.77055,654.1109,1082.4092,319.50287,0.12294455,10770.554,0.32657744,0,0,22714.326,22632.77,25,90.019257,DESKTOP-SDN3ES6,KYS_AI.cmsd\KYS_AI_00412,0,
413,LatinHyperCube,Complete,NormalTermination,Training,Auto,FALSE,TRUE,0,3.46E-06,1371.5105,846.84512,1285.8509,1066.348,1229.6367,943.21224,0.16367113,7730.4015,0.11950287,0,0,23099.496,23013.49,25,89.177963,DESKTOP-SDN3ES6,KYS_AI.cmsd\KYS_AI_00413,0,
414,LatinHyperCube,Complete,NormalTermination,Training,Auto,FALSE,TRUE,0,7.91E-06,354.3021,852.19885,702.29446,458.69981,1438.4321,287.3805,0.26520076,8342.2562,0.19349904,0,0,22644.895,22560.182,25,89.44931,DESKTOP-SDN3ES6,KYS_AI.cmsd\KYS_AI_00414,0,
415,LatinHyperCube,Complete,NormalTermination,Training,Auto,FALSE,TRUE,0,8.31E-06,565.77438,651.43403,273.99618,434.60803,1451.8164,1427.7247,0.13499044,1745.6979,0.33001912,0,0,22511.275,22439.74,25,91.304306,DESKTOP-SDN3ES6,KYS_AI.cmsd\KYS_AI_00415,0,
416,LatinHyperCube,Complete,NormalTermination,Training,Auto,FALSE,TRUE,0,9.22E-06,718.35564,953.91969,381.07075,1251.0516,1071.7017,1347.4187,0.22734226,7175.9082,0.3414914,0,0,22378.396,22297.225,25,89.667381,DESKTOP-SDN3ES6,KYS_AI.cmsd\KYS_AI_00416,0,
417,LatinHyperCube,Complete,NormalTermination,Training,Auto,FALSE,TRUE,0,8.25E-06,1146.6539,1438.4321,539.00574,1168.0688,257.93499,774.56979,0.18489484,2185.4685,0.27724665,0,0,22318.217,22233.477,25,91.825439,DESKTOP-SDN3ES6,KYS_AI.cmsd\KYS_AI_00417,0,
418,LatinHyperCube,Complete,NormalTermination,Training,Auto,FALSE,TRUE,0,7.20E-06,975.33461,134.79924,265.96558,257.93499,723.70937,670.17208,0.19005736,8476.0994,0.12294455,0,0,22808.949,22730.289,25,91.530762,DESKTOP-SDN3ES6,KYS_AI.cmsd\KYS_AI_00418,0,
419,LatinHyperCube,Complete,NormalTermination,Training,Auto,FALSE,TRUE,0,6.69E-06,273.99618,105.35373,145.50669,496.17591,1494.6463,1098.4704,0.33288719,2548.7572,0.11376673,0,0,22811.91,22737.994,25,86.472298,DESKTOP-SDN3ES6,KYS_AI.cmsd\KYS_AI_00419,0,
420,LatinHyperCube,Complete,NormalTermination,Training,Auto,FALSE,TRUE,0,5.50E-06,605.92734,986.04207,611.28107,172.27533,1168.0688,820.07648,0.24684512,6353.7285,0.14072658,0,0,22933.871,22847.449,25,90.870415,DESKTOP-SDN3ES6,KYS_AI.cmsd\KYS_AI_00420,0,
421,LatinHyperCube,Complete,NormalTermination,Training,Auto,FALSE,TRUE,0,8.03E-06,298.08795,932.50478,1039.5793,129.44551,522.94455,755.83174,0.13384321,9738.0497,0.21988528,0,0,22684.443,22599.873,25,88.751854,DESKTOP-SDN3ES6,KYS_AI.cmsd\KYS_AI_00421,0,
422,LatinHyperCube,Complete,NormalTermination,Training,Auto,FALSE,TRUE,0,7.24E-06,804.0153,1079.7323,798.66157,1176.0994,148.18356,1366.1568,0.15908222,5340.3442,0.1917782,0,0,22525.609,22438.551,25,90.366417,DESKTOP-SDN3ES6,KYS_AI.cmsd\KYS_AI_00422,0,
423,LatinHyperCube,Complete,NormalTermination,Training,Auto,FALSE,TRUE,0,8.30E-06,196.36711,975.33461,1358.1262,539.00574,434.60803,150.86042,0.1917782,8552.5813,0.22734226,0,0,22371.15,22285.373,25,88.219116,DESKTOP-SDN3ES6,KYS_AI.cmsd\KYS_AI_00423,0,
424,LatinHyperCube,Complete,NormalTermination,Training,Auto,FALSE,TRUE,0,6.25E-06,913.76673,348.94837,1052.9637,1427.7247,1470.5545,1261.7591,0.37246654,5608.0306,0.38910134,0,0,22575.424,22490.406,25,87.987839,DESKTOP-SDN3ES6,KYS_AI.cmsd\KYS_AI_00424,0,
425,LatinHyperCube,Complete,NormalTermination,Training,Auto,FALSE,TRUE,0,5.56E-06,621.98853,121.41491,683.55641,343.59465,172.27533,804.0153,0.32313576,1439.7706,0.36328872,0,0,22716.801,22648.639,25,87.828873,DESKTOP-SDN3ES6,KYS_AI.cmsd\KYS_AI_00425,0,
426,LatinHyperCube,Complete,NormalTermination,Training,Auto,FALSE,TRUE,0,5.96E-06,886.99809,648.75717,1165.392,999.42639,298.08795,1301.912,0.27380497,5416.826,0.29961759,0,0,22622.311,22536.246,25,88.522133,DESKTOP-SDN3ES6,KYS_AI.cmsd\KYS_AI_00426,0,
427,LatinHyperCube,Complete,NormalTermination,Training,Auto,FALSE,TRUE,0,3.76E-06,699.61759,937.85851,482.79159,354.3021,311.47228,753.15488,0.21873805,2281.0707,0.10516252,0,0,23041.27,22954.119,25,92.069,DESKTOP-SDN3ES6,KYS_AI.cmsd\KYS_AI_00427,0,
428,LatinHyperCube,Complete,NormalTermination,Training,Auto,FALSE,TRUE,0,5.73E-06,806.69216,581.83556,490.82218,1095.7935,1272.4665,597.89675,0.25200765,4881.4532,0.11892925,0,0,22637.402,22550.35,25,90.166824,DESKTOP-SDN3ES6,KYS_AI.cmsd\KYS_AI_00428,0,
429,LatinHyperCube,Complete,NormalTermination,Training,Auto,FALSE,TRUE,0,9.87E-06,142.82983,849.52199,1186.8069,228.48948,766.5392,961.95029,0.18202677,3409.1778,0.10860421,0,0,22554.445,22466.744,25,87.758156,DESKTOP-SDN3ES6,KYS_AI.cmsd\KYS_AI_00429,0,
430,LatinHyperCube,Complete,NormalTermination,Training,Auto,FALSE,TRUE,0,7.22E-06,627.34226,1390.2486,1312.6195,833.4608,132.12237,659.46463,0.25086042,5321.2237,0.27839388,0,0,22360.762,22274.648,25,89.54351,DESKTOP-SDN3ES6,KYS_AI.cmsd\KYS_AI_00430,0,
431,LatinHyperCube,Complete,AbnormalTermination,Training,Auto,FALSE,FALSE,0,4.98E-06,927.15105,263.28872,212.4283,1275.1434,1087.7629,838.81453,0.11204589,1688.3365,0.23594646,,,,,,,DESKTOP-SDN3ES6,KYS_AI.cmsd\KYS_AI_00431,0,
432,LatinHyperCube,Complete,NormalTermination,Training,Auto,FALSE,TRUE,0,3.52E-06,193.69025,702.29446,924.47419,820.07648,678.20268,1135.9465,0.25487572,5091.7782,0.39254302,0,0,22456.973,22371.793,25,87.693542,DESKTOP-SDN3ES6,KYS_AI.cmsd\KYS_AI_00432,0,
433,LatinHyperCube,Complete,NormalTermination,Training,Auto,FALSE,TRUE,0,5.54E-06,1229.6367,838.81453,279.3499,1133.2696,1285.8509,1430.4015,0.1625239,9795.4111,0.37246654,0,0,22157.395,22078.021,25,90.4188,DESKTOP-SDN3ES6,KYS_AI.cmsd\KYS_AI_00433,0,
434,LatinHyperCube,Complete,NormalTermination,Training,Auto,FALSE,TRUE,0,4.59E-06,745.12428,1165.392,1224.283,217.78203,1042.2562,1154.6845,0.30592734,1879.5411,0.17743786,0,0,22750.289,22664.262,25,89.507927,DESKTOP-SDN3ES6,KYS_AI.cmsd\KYS_AI_00434,0,
435,LatinHyperCube,Complete,NormalTermination,Training,Auto,FALSE,TRUE,0,8.57E-06,809.36902,1044.9331,889.67495,1109.1778,927.15105,257.93499,0.23594646,9240.9178,0.1206501,0,0,22546.551,22459.787,25,90.011047,DESKTOP-SDN3ES6,KYS_AI.cmsd\KYS_AI_00435,0,
436,LatinHyperCube,Complete,NormalTermination,Training,Auto,FALSE,TRUE,0,8.62E-06,437.28489,431.93117,239.19694,1443.7859,1441.109,1291.2046,0.31453155,4135.7553,0.11720841,0,0,22501.633,22418.941,25,86.865646,DESKTOP-SDN3ES6,KYS_AI.cmsd\KYS_AI_00436,0,
437,LatinHyperCube,Complete,NormalTermination,Training,Auto,FALSE,TRUE,0,8.76E-06,485.46845,1036.9025,1304.5889,442.63862,978.01147,124.09178,0.29732314,3447.4187,0.15908222,0,0,22503.227,22417.311,25,89.158516,DESKTOP-SDN3ES6,KYS_AI.cmsd\KYS_AI_00437,0,
438,LatinHyperCube,Complete,NormalTermination,Training,Auto,FALSE,TRUE,0,5.74E-06,477.43786,1152.0076,1111.8547,707.64818,1184.13,375.71702,0.20210325,5703.6329,0.17973231,0,0,22482.455,22395.832,25,89.809135,DESKTOP-SDN3ES6,KYS_AI.cmsd\KYS_AI_00438,0,
439,LatinHyperCube,Complete,NormalTermination,Training,Auto,FALSE,TRUE,0,9.42E-06,241.8738,1210.8987,113.38432,1419.6941,1336.7113,429.2543,0.28126195,4632.8872,0.33460803,0,0,22192.848,22113.844,25,89.515022,DESKTOP-SDN3ES6,KYS_AI.cmsd\KYS_AI_00439,0,
440,LatinHyperCube,Complete,NormalTermination,Training,Auto,FALSE,TRUE,0,4.15E-06,613.95793,943.21224,1344.7419,1326.0038,241.8738,568.45124,0.33575526,5263.8623,0.26806883,0,0,22437.559,22351.654,25,88.650612,DESKTOP-SDN3ES6,KYS_AI.cmsd\KYS_AI_00440,0,
441,LatinHyperCube,Complete,NormalTermination,Training,Auto,FALSE,TRUE,0,8.17E-06,972.65774,1071.7017,284.70363,1451.8164,1117.2084,174.9522,0.16195029,10483.748,0.19292543,0,0,22199.027,22116.203,25,90.197227,DESKTOP-SDN3ES6,KYS_AI.cmsd\KYS_AI_00441,0,
442,LatinHyperCube,Complete,NormalTermination,Training,Auto,FALSE,TRUE,0,4.50E-06,290.05736,1103.8241,563.09751,1366.1568,983.3652,1234.9904,0.21414914,3695.9847,0.1665392,0,0,22168.719,22081.84,25,90.207054,DESKTOP-SDN3ES6,KYS_AI.cmsd\KYS_AI_00442,0,
443,LatinHyperCube,Complete,NormalTermination,Training,Auto,FALSE,TRUE,0,8.33E-06,217.78203,177.62906,1497.3231,779.92352,362.3327,1197.5143,0.2709369,7998.088,0.12868069,0,0,22835.199,22749.576,25,82.638824,DESKTOP-SDN3ES6,KYS_AI.cmsd\KYS_AI_00443,0,
444,LatinHyperCube,Complete,NormalTermination,Training,Auto,FALSE,TRUE,0,4.41E-06,1408.9866,191.01338,319.50287,919.12046,1390.2486,132.12237,0.15391969,3925.4302,0.17112811,0,0,22624.859,22542.654,25,88.443733,DESKTOP-SDN3ES6,KYS_AI.cmsd\KYS_AI_00444,0,
445,LatinHyperCube,Complete,NormalTermination,Training,Auto,FALSE,TRUE,0,5.30E-06,1197.5143,1422.3709,691.587,983.3652,1034.2256,611.28107,0.34091778,1535.3728,0.2543021,0,0,22415.949,22328.648,25,91.2164,DESKTOP-SDN3ES6,KYS_AI.cmsd\KYS_AI_00445,0,
446,LatinHyperCube,Complete,NormalTermination,Training,Auto,FALSE,TRUE,0,9.32E-06,1368.8337,1194.8375,530.97514,260.61185,100,1360.8031,0.27265774,4231.3576,0.21586998,0,0,22558.338,22475.832,25,92.043655,DESKTOP-SDN3ES6,KYS_AI.cmsd\KYS_AI_00446,0,
447,LatinHyperCube,Complete,NormalTermination,Training,Auto,FALSE,TRUE,0,6.67E-06,1216.2524,916.44359,1315.2964,450.66922,924.47419,367.68642,0.26118547,7806.8834,0.14416826,0,0,22731.771,22646.293,25,89.154808,DESKTOP-SDN3ES6,KYS_AI.cmsd\KYS_AI_00447,0,
448,LatinHyperCube,Complete,NormalTermination,Training,Auto,FALSE,TRUE,0,6.11E-06,1109.1778,1497.3231,536.32887,635.37285,1320.6501,282.02677,0.15678776,3887.1893,0.14302103,0,0,22558.58,22471.688,25,92.551933,DESKTOP-SDN3ES6,KYS_AI.cmsd\KYS_AI_00448,0,
449,LatinHyperCube,Complete,AbnormalTermination,Training,Auto,FALSE,FALSE,0,5.89E-06,560.42065,547.03633,1376.8642,825.43021,683.55641,627.34226,0.29560229,8973.2314,0.26749522,,,,,,,DESKTOP-SDN3ES6,KYS_AI.cmsd\KYS_AI_00449,0,
450,LatinHyperCube,Complete,NormalTermination,Training,Auto,FALSE,TRUE,0,6.92E-06,686.23327,592.54302,303.44168,199.04398,1342.065,359.65583,0.21586998,10961.759,0.25086042,0,0,22691.117,22620.818,25,92.260124,DESKTOP-SDN3ES6,KYS_AI.cmsd\KYS_AI_00450,0,
451,LatinHyperCube,Complete,NormalTermination,Training,Auto,FALSE,TRUE,0,8.94E-06,268.64245,1475.9082,967.30402,1042.2562,573.80497,158.89101,0.19751434,1573.6138,0.31338432,0,0,22265.66,22181.371,25,90.367218,DESKTOP-SDN3ES6,KYS_AI.cmsd\KYS_AI_00451,0,
452,LatinHyperCube,Complete,NormalTermination,Training,Auto,FALSE,TRUE,0,4.58E-06,1264.4359,1355.4493,980.68834,1173.4226,627.34226,498.85277,0.28642447,5741.8738,0.27380497,0,0,22497.293,22409.133,25,90.136559,DESKTOP-SDN3ES6,KYS_AI.cmsd\KYS_AI_00452,0,
453,LatinHyperCube,Complete,NormalTermination,Training,Auto,FALSE,TRUE,0,9.57E-06,445.31549,477.43786,442.63862,1462.5239,1379.5411,332.88719,0.27782027,1478.0115,0.291587,0,0,22498.613,22418.855,25,87.369965,DESKTOP-SDN3ES6,KYS_AI.cmsd\KYS_AI_00453,0,
454,LatinHyperCube,Complete,NormalTermination,Training,Auto,FALSE,TRUE,0,9.64E-06,956.59656,1427.7247,1103.8241,951.24283,453.34608,102.67686,0.31051625,6468.4512,0.28814532,0,0,22474.688,22387.93,25,89.862633,DESKTOP-SDN3ES6,KYS_AI.cmsd\KYS_AI_00454,0,
455,LatinHyperCube,Complete,NormalTermination,Training,Auto,FALSE,TRUE,0,4.28E-06,825.43021,480.11472,715.67878,991.39579,327.53346,1352.7725,0.16424474,6181.6444,0.17227533,0,0,22894.344,22806.559,25,89.896217,DESKTOP-SDN3ES6,KYS_AI.cmsd\KYS_AI_00455,0,
456,LatinHyperCube,Complete,NormalTermination,Training,Auto,FALSE,TRUE,0,3.91E-06,1457.1702,161.56788,185.65966,536.32887,520.26769,911.08987,0.34321224,1860.4207,0.37648184,0,0,22085.229,22011.697,25,90.165871,DESKTOP-SDN3ES6,KYS_AI.cmsd\KYS_AI_00456,0,
457,LatinHyperCube,Complete,NormalTermination,Training,Auto,FALSE,TRUE,0,5.72E-06,1066.348,646.08031,1334.0344,1146.6539,1216.2524,348.94837,0.25889101,3160.6119,0.35353728,0,0,22588.115,22501.896,25,88.655243,DESKTOP-SDN3ES6,KYS_AI.cmsd\KYS_AI_00457,0,
458,LatinHyperCube,Complete,NormalTermination,Training,Auto,FALSE,TRUE,0,3.37E-06,672.84895,541.6826,1392.9254,648.75717,873.61377,129.44551,0.36099426,2472.2753,0.35869981,0,0,22663.947,22578.861,25,87.584549,DESKTOP-SDN3ES6,KYS_AI.cmsd\KYS_AI_00458,0,
459,LatinHyperCube,Complete,NormalTermination,Training,Auto,FALSE,TRUE,0,8.97E-06,996.74952,1473.2314,956.59656,1441.109,207.07457,447.99235,0.29789675,5971.3193,0.38852772,0,0,22402.982,22316.26,25,89.989799,DESKTOP-SDN3ES6,KYS_AI.cmsd\KYS_AI_00459,0,
460,LatinHyperCube,Complete,NormalTermination,Training,Auto,FALSE,TRUE,0,5.61E-06,563.09751,1226.9598,410.51625,180.30593,696.94073,142.82983,0.1957935,2663.4799,0.2583174,0,0,22691.729,22619.641,25,92.506439,DESKTOP-SDN3ES6,KYS_AI.cmsd\KYS_AI_00460,0,
461,LatinHyperCube,Complete,NormalTermination,Training,Auto,FALSE,TRUE,0,6.45E-06,405.16252,145.50669,311.47228,482.79159,662.14149,1272.4665,0.14130019,10789.675,0.31395793,0,0,22776.277,22707.635,25,88.236092,DESKTOP-SDN3ES6,KYS_AI.cmsd\KYS_AI_00461,0,
462,LatinHyperCube,Complete,NormalTermination,Training,Auto,FALSE,TRUE,0,5.11E-06,265.96558,1109.1778,1109.1778,1200.1912,113.38432,528.29828,0.37762906,3523.9006,0.23537285,0,0,22255.746,22170.475,25,88.692757,DESKTOP-SDN3ES6,KYS_AI.cmsd\KYS_AI_00462,0,
463,LatinHyperCube,Complete,NormalTermination,Training,Auto,FALSE,TRUE,0,5.65E-06,1058.3174,1050.2868,1184.13,193.69025,632.69598,1264.4359,0.17456979,6755.2581,0.33518164,0,0,22709.885,22622.658,25,88.814987,DESKTOP-SDN3ES6,KYS_AI.cmsd\KYS_AI_00463,0,
464,LatinHyperCube,Complete,NormalTermination,Training,Auto,FALSE,TRUE,0,4.23E-06,619.31166,1366.1568,166.92161,895.02868,812.04589,1031.5488,0.14359465,10502.868,0.2875717,0,0,21798.424,21720.717,25,91.357574,DESKTOP-SDN3ES6,KYS_AI.cmsd\KYS_AI_00464,0,
465,LatinHyperCube,Complete,NormalTermination,Training,Auto,FALSE,TRUE,0,8.81E-06,367.68642,688.91013,1130.5927,584.51243,217.78203,268.64245,0.28355641,7634.7992,0.16998088,0,0,22535.453,22448.965,25,87.845467,DESKTOP-SDN3ES6,KYS_AI.cmsd\KYS_AI_00465,0,
466,LatinHyperCube,Complete,NormalTermination,Training,Auto,FALSE,TRUE,0,7.52E-06,1494.6463,533.65201,418.54685,356.97897,1044.9331,1259.0822,0.21070746,1822.1797,0.14244742,0,0,22658.365,22572.111,25,92.314934,DESKTOP-SDN3ES6,KYS_AI.cmsd\KYS_AI_00466,0,
467,LatinHyperCube,Complete,NormalTermination,Training,Auto,FALSE,TRUE,0,7.94E-06,884.32122,991.39579,766.5392,761.18547,844.16826,715.67878,0.20726577,7061.1855,0.34321224,0,0,22533.008,22447.674,25,89.957314,DESKTOP-SDN3ES6,KYS_AI.cmsd\KYS_AI_00467,0,
468,LatinHyperCube,Complete,NormalTermination,Training,Auto,FALSE,TRUE,0,5.85E-06,530.97514,753.15488,225.81262,340.91778,1261.7591,536.32887,0.32543021,4288.7189,0.22791587,0,0,22552.133,22479.691,25,92.846092,DESKTOP-SDN3ES6,KYS_AI.cmsd\KYS_AI_00468,0,
469,LatinHyperCube,Complete,NormalTermination,Training,Auto,FALSE,TRUE,0,8.26E-06,1090.4398,1299.2352,383.74761,126.76864,953.91969,1438.4321,0.15793499,7481.8356,0.24627151,0,0,22620.127,22545.852,25,92.891541,DESKTOP-SDN3ES6,KYS_AI.cmsd\KYS_AI_00469,0,
470,LatinHyperCube,Complete,NormalTermination,Training,Auto,FALSE,TRUE,0,3.71E-06,750.47801,415.86998,209.75143,1315.2964,212.4283,522.94455,0.34263862,9087.9541,0.3374761,0,0,22346.824,22269.189,25,87.668396,DESKTOP-SDN3ES6,KYS_AI.cmsd\KYS_AI_00470,0,
471,LatinHyperCube,Complete,NormalTermination,Training,Auto,FALSE,TRUE,0,9.76E-06,753.15488,110.70746,745.12428,1226.9598,937.85851,501.52964,0.38221797,3351.8164,0.11147228,0,0,22688.289,22602.188,25,86.386383,DESKTOP-SDN3ES6,KYS_AI.cmsd\KYS_AI_00471,0,
472,LatinHyperCube,Complete,NormalTermination,Training,Auto,FALSE,TRUE,0,9.33E-06,1176.0994,854.87572,201.72084,911.08987,1299.2352,1173.4226,0.39196941,8762.9063,0.28699809,0,0,22190.682,22112.287,25,91.331116,DESKTOP-SDN3ES6,KYS_AI.cmsd\KYS_AI_00472,0,
473,LatinHyperCube,Complete,NormalTermination,Training,Auto,FALSE,TRUE,0,4.02E-06,1387.5717,290.05736,124.09178,145.50669,694.26386,1408.9866,0.16137667,7864.2447,0.31453155,0,0,22073.021,22006.781,25,94.132324,DESKTOP-SDN3ES6,KYS_AI.cmsd\KYS_AI_00473,0,
474,LatinHyperCube,Complete,NormalTermination,Training,Auto,FALSE,TRUE,0,4.14E-06,849.52199,220.45889,1400.956,220.45889,252.58126,1307.2658,0.22848948,6334.608,0.11089866,0,0,23342.822,23257.414,25,86.527809,DESKTOP-SDN3ES6,KYS_AI.cmsd\KYS_AI_00474,0,
475,LatinHyperCube,Complete,NormalTermination,Training,Auto,FALSE,TRUE,0,6.96E-06,282.02677,530.97514,1473.2314,338.24092,271.31931,330.21033,0.30248566,2988.5277,0.33059273,0,0,22524.709,22439.23,25,86.064896,DESKTOP-SDN3ES6,KYS_AI.cmsd\KYS_AI_00475,0,
476,LatinHyperCube,Complete,NormalTermination,Training,Auto,FALSE,TRUE,0,8.88E-06,830.78394,236.52008,1430.4015,860.22945,1210.8987,812.04589,0.35984704,9661.5679,0.33919694,0,0,22613.412,22527.859,25,86.579987,DESKTOP-SDN3ES6,KYS_AI.cmsd\KYS_AI_00476,0,
477,LatinHyperCube,Complete,NormalTermination,Training,Auto,FALSE,TRUE,0,8.37E-06,739.77055,940.53537,1352.7725,1414.3403,1462.5239,1012.8107,0.11720841,4212.2371,0.31166348,0,0,22471.314,22384.514,25,88.363304,DESKTOP-SDN3ES6,KYS_AI.cmsd\KYS_AI_00477,0,
478,LatinHyperCube,Complete,NormalTermination,Training,Auto,FALSE,TRUE,0,7.03E-06,1226.9598,729.0631,405.16252,287.3805,1400.956,1101.1472,0.13097514,7156.7878,0.24913958,0,0,22615.369,22537.262,25,92.32795,DESKTOP-SDN3ES6,KYS_AI.cmsd\KYS_AI_00478,0,
479,LatinHyperCube,Complete,NormalTermination,Training,Auto,FALSE,TRUE,0,4.91E-06,1050.2868,1082.4092,528.29828,1328.6807,680.87954,643.40344,0.13957935,2854.6845,0.16539197,0,0,22355.09,22267.77,25,91.785316,DESKTOP-SDN3ES6,KYS_AI.cmsd\KYS_AI_00479,0,
480,LatinHyperCube,Complete,NormalTermination,Training,Auto,FALSE,TRUE,0,5.81E-06,1162.7151,389.10134,386.42447,100,340.91778,1114.5315,0.1040153,10254.302,0.29273423,0,0,22852.596,22787.354,25,91.697197,DESKTOP-SDN3ES6,KYS_AI.cmsd\KYS_AI_00480,0,
481,LatinHyperCube,Complete,NormalTermination,Training,Auto,FALSE,TRUE,0,6.28E-06,616.6348,1398.2792,244.55067,804.0153,763.86233,964.62715,0.35869981,7615.6788,0.10229446,0,0,22179.197,22094.656,25,92.322731,DESKTOP-SDN3ES6,KYS_AI.cmsd\KYS_AI_00481,0,
482,LatinHyperCube,Complete,NormalTermination,Training,Auto,FALSE,TRUE,0,4.45E-06,1309.9426,1331.3576,972.65774,943.21224,557.74379,571.12811,0.37877629,6086.0421,0.38107075,0,0,22471.271,22384.656,25,90.273277,DESKTOP-SDN3ES6,KYS_AI.cmsd\KYS_AI_00482,0,
483,LatinHyperCube,Complete,NormalTermination,Training,Auto,FALSE,TRUE,0,4.82E-06,231.16635,1489.2925,367.68642,389.10134,1063.6711,782.60038,0.32428298,4690.2486,0.1,0,0,22495.502,22409.457,25,92.240967,DESKTOP-SDN3ES6,KYS_AI.cmsd\KYS_AI_00483,0,
484,LatinHyperCube,Complete,NormalTermination,Training,Auto,FALSE,TRUE,0,7.02E-06,581.83556,504.2065,710.32505,769.21606,506.88337,1168.0688,0.31338432,1401.5296,0.21472275,0,0,22629.725,22544.035,25,88.972885,DESKTOP-SDN3ES6,KYS_AI.cmsd\KYS_AI_00484,0,
485,LatinHyperCube,Complete,NormalTermination,Training,Auto,FALSE,TRUE,0,5.77E-06,635.37285,442.63862,908.413,1360.8031,1427.7247,1221.6061,0.11434034,8265.7744,0.14818356,0,0,22835.697,22748.738,25,88.474747,DESKTOP-SDN3ES6,KYS_AI.cmsd\KYS_AI_00485,0,
486,LatinHyperCube,Complete,NormalTermination,Training,Auto,FALSE,TRUE,0,6.85E-06,1478.5851,699.61759,1248.3748,1007.457,999.42639,520.26769,0.32944551,2414.914,0.38393881,0,0,22558.676,22472.398,25,89.167038,DESKTOP-SDN3ES6,KYS_AI.cmsd\KYS_AI_00486,0,
487,LatinHyperCube,Complete,NormalTermination,Training,Auto,FALSE,TRUE,0,7.18E-06,504.2065,193.69025,581.83556,849.52199,886.99809,584.51243,0.17571702,10349.904,0.17399618,0,0,22891.033,22808.025,25,87.373138,DESKTOP-SDN3ES6,KYS_AI.cmsd\KYS_AI_00487,0,
488,LatinHyperCube,Complete,NormalTermination,Training,Auto,FALSE,TRUE,0,3.36E-06,1486.6157,654.1109,520.26769,1130.5927,322.17973,464.05354,0.37189293,4059.2734,0.37762906,0,0,22383.883,22301.283,25,90.548721,DESKTOP-SDN3ES6,KYS_AI.cmsd\KYS_AI_00488,0,
489,LatinHyperCube,Complete,NormalTermination,Training,Auto,FALSE,TRUE,0,3.29E-06,343.59465,881.64436,207.07457,1382.218,1334.0344,1133.2696,0.39139579,4556.4054,0.33231358,0,0,22172.051,22093.379,25,88.540825,DESKTOP-SDN3ES6,KYS_AI.cmsd\KYS_AI_00489,0,
490,LatinHyperCube,Complete,NormalTermination,Training,Auto,FALSE,TRUE,0,5.48E-06,1446.4627,814.72275,1350.0956,1371.5105,1058.3174,603.25048,0.3414914,5531.5488,0.14130019,0,0,22636.236,22550.416,25,89.283455,DESKTOP-SDN3ES6,KYS_AI.cmsd\KYS_AI_00490,0,
491,LatinHyperCube,Complete,NormalTermination,Training,Auto,FALSE,TRUE,0,6.53E-06,359.65583,260.61185,1301.912,528.29828,407.83939,413.19312,0.14302103,7309.7514,0.25143403,0,0,22852.637,22768.434,25,85.233627,DESKTOP-SDN3ES6,KYS_AI.cmsd\KYS_AI_00491,0,
492,LatinHyperCube,Complete,NormalTermination,Training,Auto,FALSE,TRUE,0,3.08E-06,1398.2792,456.02294,672.84895,150.86042,769.21606,1178.7763,0.21128107,4747.6099,0.29502868,0,0,23057.516,22985.314,25,90.291344,DESKTOP-SDN3ES6,KYS_AI.cmsd\KYS_AI_00492,0,
493,LatinHyperCube,Complete,NormalTermination,Training,Auto,FALSE,TRUE,0,4.03E-06,1462.5239,876.29063,608.60421,1494.6463,1234.9904,742.44742,0.26462715,5053.5373,0.26405354,0,0,22384.596,22298.148,25,90.887688,DESKTOP-SDN3ES6,KYS_AI.cmsd\KYS_AI_00493,0,
494,LatinHyperCube,Complete,AbnormalTermination,Training,Auto,FALSE,FALSE,0,4.12E-06,434.60803,1417.0172,1127.9159,327.53346,1500,1363.4799,0.27323136,9623.327,0.31912046,,,,,,,DESKTOP-SDN3ES6,KYS_AI.cmsd\KYS_AI_00494,0,
495,LatinHyperCube,Complete,NormalTermination,Training,Auto,FALSE,TRUE,0,4.67E-06,1055.6405,1283.174,838.81453,453.34608,1010.1338,565.77438,0.23824092,6258.1262,0.26921606,0,0,22706.652,22620.121,25,90.281784,DESKTOP-SDN3ES6,KYS_AI.cmsd\KYS_AI_00495,0,
496,LatinHyperCube,Complete,NormalTermination,Training,Auto,FALSE,TRUE,0,6.81E-06,126.76864,964.62715,480.11472,688.91013,838.81453,399.8088,0.23365201,2816.4436,0.19063098,0,0,22288.184,22203.822,25,90.307915,DESKTOP-SDN3ES6,KYS_AI.cmsd\KYS_AI_00496,0,
497,LatinHyperCube,Complete,NormalTermination,Training,Auto,FALSE,TRUE,0,7.75E-06,182.98279,1358.1262,659.46463,713.00191,129.44551,1465.2008,0.23078394,7577.4379,0.22619503,0,0,22313.393,22228.848,25,90.38353,DESKTOP-SDN3ES6,KYS_AI.cmsd\KYS_AI_00497,0,
498,LatinHyperCube,Complete,NormalTermination,Training,Auto,FALSE,TRUE,0,6.27E-06,480.11472,1269.7897,469.40727,638.04971,480.11472,686.23327,0.18833652,8877.6291,0.19636711,0,0,22520.77,22437.174,25,91.726875,DESKTOP-SDN3ES6,KYS_AI.cmsd\KYS_AI_00498,0,
499,LatinHyperCube,Complete,NormalTermination,Training,Auto,FALSE,TRUE,0,4.46E-06,1157.3614,517.59082,873.61377,1267.1128,595.21989,884.32122,0.19808795,8858.5086,0.3873805,0,0,22634.463,22550.887,25,88.935387,DESKTOP-SDN3ES6,KYS_AI.cmsd\KYS_AI_00499,0,
500,LatinHyperCube,Complete,NormalTermination,Training,Auto,FALSE,TRUE,0,4.65E-06,547.03633,394.45507,158.89101,774.56979,501.52964,953.91969,0.2583174,5493.3078,0.10917782,0,0,22519.779,22438.533,25,88.848839,DESKTOP-SDN3ES6,KYS_AI.cmsd\KYS_AI_00500,0,
501,LatinHyperCube,Complete,NormalTermination,Training,Auto,FALSE,TRUE,0,9.80E-06,1168.0688,795.9847,148.18356,1500,755.83174,1023.5182,0.39024857,4518.1644,0.10172084,0,0,22062.918,21979.791,25,89.563423,DESKTOP-SDN3ES6,KYS_AI.cmsd\KYS_AI_00501,0,
502,LatinHyperCube,Complete,NormalTermination,Training,Auto,FALSE,TRUE,0,9.08E-06,394.45507,1261.7591,1435.7553,1077.0554,445.31549,434.60803,0.24627151,1975.1434,0.39082218,0,0,22310.242,22224.535,25,88.154655,DESKTOP-SDN3ES6,KYS_AI.cmsd\KYS_AI_00502,0,
503,LatinHyperCube,Complete,NormalTermination,Training,Auto,FALSE,TRUE,0,4.90E-06,517.59082,276.67304,769.21606,672.84895,1240.3442,1446.4627,0.24799235,8323.1358,0.34263862,0,0,22760.018,22680.197,25,88.275246,DESKTOP-SDN3ES6,KYS_AI.cmsd\KYS_AI_00503,0,
504,LatinHyperCube,Complete,NormalTermination,Training,Auto,FALSE,TRUE,0,5.80E-06,766.5392,116.06119,1173.4226,994.07266,284.70363,1293.8815,0.19636711,10560.229,0.15965583,0,0,23055.098,22969.141,25,86.6259,DESKTOP-SDN3ES6,KYS_AI.cmsd\KYS_AI_00504,0,
505,LatinHyperCube,Complete,NormalTermination,Training,Auto,FALSE,TRUE,0,7.48E-06,1285.8509,429.2543,846.84512,1154.6845,1275.1434,1419.6941,0.30707457,10273.423,0.26462715,0,0,22592.818,22506.928,25,89.132164,DESKTOP-SDN3ES6,KYS_AI.cmsd\KYS_AI_00505,0,
506,LatinHyperCube,Complete,NormalTermination,Training,Auto,FALSE,TRUE,0,5.52E-06,338.24092,346.27151,477.43786,223.13576,945.8891,1491.9694,0.39942639,4250.478,0.22332696,0,0,22755.031,22681.84,25,88.859238,DESKTOP-SDN3ES6,KYS_AI.cmsd\KYS_AI_00506,0,
507,LatinHyperCube,Complete,NormalTermination,Training,Auto,FALSE,TRUE,0,9.85E-06,375.71702,1309.9426,1125.239,477.43786,750.47801,563.09751,0.23135755,5646.2715,0.28011472,0,0,22448.383,22362.475,25,89.002907,DESKTOP-SDN3ES6,KYS_AI.cmsd\KYS_AI_00507,0,
508,LatinHyperCube,Complete,NormalTermination,Training,Auto,FALSE,TRUE,0,9.10E-06,801.33843,498.85277,961.95029,747.80115,1109.1778,410.51625,0.10688337,1669.2161,0.31510516,0,0,22657.221,22572.514,25,88.554077,DESKTOP-SDN3ES6,KYS_AI.cmsd\KYS_AI_00508,0,
509,LatinHyperCube,Complete,NormalTermination,Training,Auto,FALSE,TRUE,0,7.64E-06,675.52581,413.19312,118.73805,525.62141,1384.8948,678.20268,0.32657744,5072.6577,0.29617591,0,0,22275.699,22202.148,25,90.588463,DESKTOP-SDN3ES6,KYS_AI.cmsd\KYS_AI_00509,0,
510,LatinHyperCube,Complete,AbnormalTermination,Training,Auto,FALSE,FALSE,0,6.16E-06,295.41109,1336.7113,1387.5717,273.99618,889.67495,1176.0994,0.33518164,2567.8776,0.316826,,,,,,,DESKTOP-SDN3ES6,KYS_AI.cmsd\KYS_AI_00510,0,
511,LatinHyperCube,Complete,NormalTermination,Training,Auto,FALSE,TRUE,0,7.44E-06,662.14149,332.88719,423.90057,903.05927,785.27725,504.2065,0.24053537,6525.8126,0.33575526,0,0,22577.33,22501.205,25,88.93322,DESKTOP-SDN3ES6,KYS_AI.cmsd\KYS_AI_00511,0,
512,LatinHyperCube,Complete,NormalTermination,Training,Auto,FALSE,TRUE,0,3.54E-06,595.21989,806.69216,1015.4876,978.01147,1127.9159,116.06119,0.23537285,4499.044,0.38049713,0,0,22549.203,22465.211,25,88.757378,DESKTOP-SDN3ES6,KYS_AI.cmsd\KYS_AI_00512,0,
513,LatinHyperCube,Complete,NormalTermination,Training,Auto,FALSE,TRUE,0,9.06E-06,1082.4092,568.45124,884.32122,731.73996,731.73996,1342.065,0.24225621,2395.7935,0.11606119,0,0,22717.25,22630.953,25,89.601952,DESKTOP-SDN3ES6,KYS_AI.cmsd\KYS_AI_00513,0,
514,LatinHyperCube,Complete,NormalTermination,Training,Auto,FALSE,TRUE,0,3.13E-06,407.83939,1315.2964,903.05927,627.34226,1074.3786,1224.283,0.1126195,4078.3939,0.23365201,0,0,22565.324,22478.895,25,90.035789,DESKTOP-SDN3ES6,KYS_AI.cmsd\KYS_AI_00514,0,
515,LatinHyperCube,Complete,NormalTermination,Training,Auto,FALSE,TRUE,0,6.95E-06,1010.1338,1342.065,1446.4627,1363.4799,137.4761,137.4761,0.17342256,9585.086,0.39024857,0,0,22415.441,22329.064,25,89.927567,DESKTOP-SDN3ES6,KYS_AI.cmsd\KYS_AI_00515,0,
516,LatinHyperCube,Complete,NormalTermination,Training,Auto,FALSE,TRUE,0,5.70E-06,1098.4704,959.27342,464.05354,1350.0956,1392.9254,204.39771,0.10458891,2128.1071,0.11548757,0,0,22434.459,22347.139,25,90.853813,DESKTOP-SDN3ES6,KYS_AI.cmsd\KYS_AI_00516,0,
517,LatinHyperCube,Complete,NormalTermination,Training,Auto,FALSE,TRUE,0,8.18E-06,1093.1166,1374.1874,1149.3308,969.98088,265.96558,177.62906,0.23422562,7195.0287,0.38508604,0,0,22469.846,22384.221,25,89.788948,DESKTOP-SDN3ES6,KYS_AI.cmsd\KYS_AI_00517,0,
518,LatinHyperCube,Complete,NormalTermination,Training,Auto,FALSE,TRUE,0,4.08E-06,1267.1128,988.71893,1320.6501,787.95411,1052.9637,1299.2352,0.33862333,6162.5239,0.21185468,0,0,22677.238,22591.584,25,89.135101,DESKTOP-SDN3ES6,KYS_AI.cmsd\KYS_AI_00518,0,
519,LatinHyperCube,Complete,NormalTermination,Training,Auto,FALSE,TRUE,0,9.92E-06,1034.2256,354.3021,624.66539,1323.327,399.8088,276.67304,0.34894837,2166.348,0.39369025,0,0,22491.125,22411.242,25,88.228371,DESKTOP-SDN3ES6,KYS_AI.cmsd\KYS_AI_00519,0,
520,LatinHyperCube,Complete,NormalTermination,Training,Auto,FALSE,TRUE,0,3.75E-06,1087.7629,1213.5755,1478.5851,563.09751,988.71893,704.97132,0.16309751,8380.4971,0.23938815,0,0,22720.086,22634.4,25,89.249176,DESKTOP-SDN3ES6,KYS_AI.cmsd\KYS_AI_00520,0,
521,LatinHyperCube,Complete,NormalTermination,Training,Auto,FALSE,TRUE,0,9.13E-06,431.93117,407.83939,1470.5545,1034.2256,1411.6635,485.46845,0.19464627,2300.1912,0.37877629,0,0,22567.242,22482.197,25,86.444519,DESKTOP-SDN3ES6,KYS_AI.cmsd\KYS_AI_00521,0,
522,LatinHyperCube,Complete,NormalTermination,Training,Auto,FALSE,TRUE,0,9.02E-06,150.86042,287.3805,592.54302,1023.5182,1304.5889,806.69216,0.14416826,3370.9369,0.13556405,0,0,22732.713,22646.443,25,85.604477,DESKTOP-SDN3ES6,KYS_AI.cmsd\KYS_AI_00522,0,
523,LatinHyperCube,Complete,NormalTermination,Training,Auto,FALSE,TRUE,0,8.10E-06,897.70554,798.66157,1232.3136,1103.8241,1366.1568,787.95411,0.30879541,8208.413,0.34550669,0,0,22510.143,22422.4,25,88.849815,DESKTOP-SDN3ES6,KYS_AI.cmsd\KYS_AI_00523,0,
524,LatinHyperCube,Complete,NormalTermination,Training,Auto,FALSE,TRUE,0,9.25E-06,798.66157,509.56023,584.51243,1143.9771,619.31166,1374.1874,0.3334608,7118.5468,0.13728489,0,0,22566.871,22478.635,25,89.452644,DESKTOP-SDN3ES6,KYS_AI.cmsd\KYS_AI_00524,0,
525,LatinHyperCube,Complete,NormalTermination,Training,Auto,FALSE,TRUE,0,5.33E-06,1005.0505,807.07071,835.35354,1033.3333,1146.4646,722.22222,0.38181818,6050.5051,0.16363636,0,0,22604.834,22518.156,25,89.837311,DESKTOP-SDN3ES6,KYS_AI.cmsd\KYS_AI_00525,0,
526,LatinHyperCube,Complete,NormalTermination,Training,Auto,FALSE,TRUE,0,8.44E-06,594.94949,213.13131,1429.2929,877.77778,1330.303,524.24242,0.10606061,6858.5859,0.34545455,0,0,22716.545,22631.213,25,86.008316,DESKTOP-SDN3ES6,KYS_AI.cmsd\KYS_AI_00526,0,
527,LatinHyperCube,Complete,NormalTermination,Training,Auto,FALSE,TRUE,0,5.19E-06,1033.3333,708.08081,1273.7374,1358.5859,524.24242,326.26263,0.32727273,7868.6869,0.32121212,0,0,22580.59,22494.211,25,88.714775,DESKTOP-SDN3ES6,KYS_AI.cmsd\KYS_AI_00527,0,
528,LatinHyperCube,Complete,NormalTermination,Training,Auto,FALSE,TRUE,0,9.93E-06,679.79798,255.55556,863.63636,1089.899,382.82828,1344.4444,0.15757576,7262.6263,0.14545455,0,0,22781.861,22694.408,25,87.721779,DESKTOP-SDN3ES6,KYS_AI.cmsd\KYS_AI_00528,0,
529,LatinHyperCube,Complete,NormalTermination,Training,Auto,FALSE,TRUE,0,5.97E-06,976.76768,1429.2929,1372.7273,1500,411.11111,1118.1818,0.32424242,10898.99,0.11818182,0,0,22365.684,22280.195,25,89.771347,DESKTOP-SDN3ES6,KYS_AI.cmsd\KYS_AI_00529,0,
530,LatinHyperCube,Complete,AbnormalTermination,Training,Auto,FALSE,FALSE,0,8.59E-06,453.53535,566.66667,1358.5859,241.41414,1316.1616,736.36364,0.13030303,3424.2424,0.15151515,,,,,,,DESKTOP-SDN3ES6,KYS_AI.cmsd\KYS_AI_00530,0,
531,LatinHyperCube,Complete,NormalTermination,Training,Auto,FALSE,TRUE,0,3.07E-06,1259.596,1386.8687,340.40404,863.63636,227.27273,693.93939,0.23939394,1707.0707,0.10606061,0,0,21864.158,21776.66,25,92.75457,DESKTOP-SDN3ES6,KYS_AI.cmsd\KYS_AI_00531,0,
532,LatinHyperCube,Complete,NormalTermination,Training,Auto,FALSE,TRUE,0,5.26E-06,863.63636,1401.0101,1386.8687,976.76768,1160.6061,495.9596,0.28484848,2818.1818,0.24848485,0,0,22385.104,22295.988,25,90.222389,DESKTOP-SDN3ES6,KYS_AI.cmsd\KYS_AI_00532,0,
533,LatinHyperCube,Complete,NormalTermination,Training,Auto,FALSE,TRUE,0,8.52E-06,1273.7374,736.36364,566.66667,510.10101,1302.0202,821.21212,0.21818182,3323.2323,0.22121212,0,0,22611.055,22525.623,25,91.393677,DESKTOP-SDN3ES6,KYS_AI.cmsd\KYS_AI_00533,0,
534,LatinHyperCube,Complete,NormalTermination,Training,Auto,FALSE,TRUE,0,3.71E-06,1188.8889,623.23232,1089.899,920.20202,750.50505,1457.5758,0.18181818,9282.8283,0.24848485,0,0,22862.699,22776.16,25,89.14872,DESKTOP-SDN3ES6,KYS_AI.cmsd\KYS_AI_00534,0,
535,LatinHyperCube,Complete,NormalTermination,Training,Auto,FALSE,TRUE,0,6.68E-06,1471.7172,623.23232,821.21212,538.38384,283.83838,566.66667,0.36060606,5949.4949,0.25757576,0,0,22640.219,22554.174,25,90.037239,DESKTOP-SDN3ES6,KYS_AI.cmsd\KYS_AI_00535,0,
536,LatinHyperCube,Complete,NormalTermination,Training,Auto,FALSE,TRUE,0,3.85E-06,1429.2929,382.82828,877.77778,156.56566,665.65657,510.10101,0.28787879,1000,0.15454545,0,0,23136.42,23049.58,25,89.358521,DESKTOP-SDN3ES6,KYS_AI.cmsd\KYS_AI_00536,0,
537,LatinHyperCube,Complete,NormalTermination,Training,Auto,FALSE,TRUE,0,7.60E-06,962.62626,693.93939,552.52525,1245.4545,1075.7576,1273.7374,0.39393939,7565.6566,0.38181818,0,0,22447.061,22364.908,25,89.743965,DESKTOP-SDN3ES6,KYS_AI.cmsd\KYS_AI_00537,0,
538,LatinHyperCube,Complete,NormalTermination,Training,Auto,FALSE,TRUE,0,9.29E-06,1344.4444,269.69697,1457.5758,213.13131,100,835.35354,0.26060606,5545.4545,0.35454545,0,0,22624.494,22541.338,25,87.72187,DESKTOP-SDN3ES6,KYS_AI.cmsd\KYS_AI_00538,0,
539,LatinHyperCube,Complete,NormalTermination,Training,Auto,FALSE,TRUE,0,3.85E-06,580.80808,934.34343,255.55556,1401.0101,481.81818,1358.5859,0.24545455,9383.8384,0.13333333,0,0,22161.379,22081.484,25,89.375633,DESKTOP-SDN3ES6,KYS_AI.cmsd\KYS_AI_00539,0,
540,LatinHyperCube,Complete,NormalTermination,Training,Auto,FALSE,TRUE,0,6.82E-06,1217.1717,891.91919,128.28283,1372.7273,1316.1616,1047.4747,0.29393939,7161.6162,0.12424242,0,0,21728.881,21645.92,25,89.826591,DESKTOP-SDN3ES6,KYS_AI.cmsd\KYS_AI_00540,0,
541,LatinHyperCube,Complete,NormalTermination,Training,Auto,FALSE,TRUE,0,8.87E-06,340.40404,1188.8889,722.22222,439.39394,198.9899,1104.0404,0.24242424,2616.1616,0.35454545,0,0,22458.287,22383.391,25,89.654953,DESKTOP-SDN3ES6,KYS_AI.cmsd\KYS_AI_00541,0,
542,LatinHyperCube,Complete,NormalTermination,Training,Auto,FALSE,TRUE,0,3.42E-06,1019.1919,849.49495,1104.0404,1019.1919,1104.0404,170.70707,0.33939394,7767.6768,0.4,0,0,22554.049,22469.057,25,89.178909,DESKTOP-SDN3ES6,KYS_AI.cmsd\KYS_AI_00542,0,
543,LatinHyperCube,Complete,NormalTermination,Training,Auto,FALSE,TRUE,0,3.21E-06,722.22222,1104.0404,1146.4646,1443.4343,326.26263,538.38384,0.33636364,5444.4444,0.26969697,0,0,22494.131,22406.869,25,89.585052,DESKTOP-SDN3ES6,KYS_AI.cmsd\KYS_AI_00543,0,
544,LatinHyperCube,Complete,NormalTermination,Training,Auto,FALSE,TRUE,0,3.35E-06,1302.0202,439.39394,1245.4545,538.38384,1005.0505,807.07071,0.31818182,8272.7273,0.15454545,0,0,23109.062,23023.121,25,88.426811,DESKTOP-SDN3ES6,KYS_AI.cmsd\KYS_AI_00544,0,
545,LatinHyperCube,Complete,NormalTermination,Training,Auto,FALSE,TRUE,0,3.78E-06,1287.8788,1089.899,1429.2929,1231.3131,1217.1717,1174.7475,0.11212121,10696.97,0.31515152,0,0,22698.83,22611.963,25,89.003365,DESKTOP-SDN3ES6,KYS_AI.cmsd\KYS_AI_00545,0,
546,LatinHyperCube,Complete,NormalTermination,Training,Auto,FALSE,TRUE,0,4.70E-06,1089.899,1075.7576,849.49495,198.9899,1259.596,1372.7273,0.32424242,6252.5253,0.26060606,0,0,22767.398,22684.021,25,89.954857,DESKTOP-SDN3ES6,KYS_AI.cmsd\KYS_AI_00546,0,
547,LatinHyperCube,Complete,NormalTermination,Training,Auto,FALSE,TRUE,0,3.78E-06,906.06061,651.51515,114.14141,495.9596,354.54545,524.24242,0.12424242,9686.8687,0.11212121,0,0,21652.273,21572.154,25,92.264153,DESKTOP-SDN3ES6,KYS_AI.cmsd\KYS_AI_00547,0,
548,LatinHyperCube,Complete,NormalTermination,Training,Auto,FALSE,TRUE,0,9.58E-06,849.49495,227.27273,170.70707,213.13131,594.94949,1033.3333,0.23030303,1808.0808,0.13939394,0,0,22610.086,22539.697,25,92.683342,DESKTOP-SDN3ES6,KYS_AI.cmsd\KYS_AI_00548,0,
549,LatinHyperCube,Complete,NormalTermination,Training,Auto,FALSE,TRUE,0,9.51E-06,792.92929,877.77778,1104.0404,792.92929,1273.7374,792.92929,0.19090909,3222.2222,0.13333333,0,0,22616.381,22529.893,25,88.943687,DESKTOP-SDN3ES6,KYS_AI.cmsd\KYS_AI_00549,0,
550,LatinHyperCube,Complete,NormalTermination,Training,Auto,FALSE,TRUE,0,6.68E-06,128.28283,340.40404,156.56566,396.9697,1188.8889,1075.7576,0.17878788,4737.3737,0.27878788,0,0,22630.781,22559.383,25,89.586739,DESKTOP-SDN3ES6,KYS_AI.cmsd\KYS_AI_00550,0,
551,LatinHyperCube,Complete,NormalTermination,Training,Auto,FALSE,TRUE,0,4.20E-06,1146.4646,340.40404,184.84848,1104.0404,1302.0202,651.51515,0.16969697,1303.0303,0.17878788,0,0,22181.939,22101.113,25,88.08577,DESKTOP-SDN3ES6,KYS_AI.cmsd\KYS_AI_00551,0,
552,LatinHyperCube,Complete,NormalTermination,Training,Auto,FALSE,TRUE,0,7.53E-06,891.91919,170.70707,679.79798,1104.0404,340.40404,849.49495,0.1969697,10393.939,0.3969697,0,0,22624.467,22547.248,25,87.510597,DESKTOP-SDN3ES6,KYS_AI.cmsd\KYS_AI_00552,0,
553,LatinHyperCube,Complete,NormalTermination,Training,Auto,FALSE,TRUE,0,3.28E-06,1259.596,835.35354,1471.7172,1146.4646,1217.1717,425.25253,0.22121212,1909.0909,0.17878788,0,0,22891.73,22806.084,25,89.413849,DESKTOP-SDN3ES6,KYS_AI.cmsd\KYS_AI_00553,0,
554,LatinHyperCube,Complete,NormalTermination,Training,Auto,FALSE,TRUE,0,8.59E-06,1443.4343,142.42424,495.9596,1132.3232,708.08081,1330.303,0.36969697,9787.8788,0.20909091,0,0,22550.736,22465.926,25,88.493576,DESKTOP-SDN3ES6,KYS_AI.cmsd\KYS_AI_00554,0,
555,LatinHyperCube,Complete,NormalTermination,Training,Auto,FALSE,TRUE,0,9.79E-06,764.64646,510.10101,623.23232,934.34343,722.22222,1259.596,0.12121212,5747.4747,0.12121212,0,0,22749.576,22662.879,25,90.419716,DESKTOP-SDN3ES6,KYS_AI.cmsd\KYS_AI_00555,0,
556,LatinHyperCube,Complete,NormalTermination,Training,Auto,FALSE,TRUE,0,4.63E-06,750.50505,708.08081,538.38384,340.40404,1287.8788,1047.4747,0.1,7868.6869,0.37878788,0,0,22754.209,22680.338,25,90.92804,DESKTOP-SDN3ES6,KYS_AI.cmsd\KYS_AI_00556,0,
557,LatinHyperCube,Complete,NormalTermination,Training,Auto,FALSE,TRUE,0,5.40E-06,114.14141,453.53535,382.82828,198.9899,241.41414,1287.8788,0.13030303,6454.5455,0.26060606,0,0,22755.586,22685.387,25,89.812843,DESKTOP-SDN3ES6,KYS_AI.cmsd\KYS_AI_00557,0,
558,LatinHyperCube,Complete,NormalTermination,Training,Auto,FALSE,TRUE,0,3.28E-06,495.9596,1415.1515,297.9798,849.49495,439.39394,792.92929,0.2969697,1909.0909,0.17272727,0,0,22161.715,22079.881,25,91.57679,DESKTOP-SDN3ES6,KYS_AI.cmsd\KYS_AI_00558,0,
559,LatinHyperCube,Complete,NormalTermination,Training,Auto,FALSE,TRUE,0,7.45E-06,778.78788,425.25253,637.37374,679.79798,1500,1075.7576,0.30606061,10797.98,0.12424242,0,0,22727.938,22640.084,25,90.017479,DESKTOP-SDN3ES6,KYS_AI.cmsd\KYS_AI_00559,0,
560,LatinHyperCube,Complete,NormalTermination,Training,Auto,FALSE,TRUE,0,8.59E-06,510.10101,354.54545,1358.5859,1089.899,594.94949,609.09091,0.35757576,2313.1313,0.32424242,0,0,22572.545,22484.354,25,86.15258,DESKTOP-SDN3ES6,KYS_AI.cmsd\KYS_AI_00560,0,
561,LatinHyperCube,Complete,NormalTermination,Training,Auto,FALSE,TRUE,0,3.00E-06,1019.1919,396.9697,156.56566,962.62626,693.93939,1273.7374,0.23030303,4939.3939,0.2030303,0,0,21987.467,21908.008,25,88.72477,DESKTOP-SDN3ES6,KYS_AI.cmsd\KYS_AI_00561,0,
562,LatinHyperCube,Complete,NormalTermination,Training,Auto,FALSE,TRUE,0,3.42E-06,1401.0101,594.94949,396.9697,778.78788,213.13131,877.77778,0.12727273,8878.7879,0.3,0,0,22463.559,22384.803,25,90.968773,DESKTOP-SDN3ES6,KYS_AI.cmsd\KYS_AI_00562,0,
563,LatinHyperCube,Complete,NormalTermination,Training,Auto,FALSE,TRUE,0,4.13E-06,665.65657,213.13131,269.69697,312.12121,1330.303,198.9899,0.13333333,4939.3939,0.18181818,0,0,23107.246,23035.109,25,91.040337,DESKTOP-SDN3ES6,KYS_AI.cmsd\KYS_AI_00563,0,
564,LatinHyperCube,Complete,NormalTermination,Training,Auto,FALSE,TRUE,0,5.33E-06,1188.8889,1344.4444,326.26263,1500,1005.0505,1231.3131,0.10909091,2414.1414,0.1,0,0,21711.4,21624.193,25,91.330437,DESKTOP-SDN3ES6,KYS_AI.cmsd\KYS_AI_00564,0,
565,LatinHyperCube,Complete,NormalTermination,Training,Auto,FALSE,TRUE,0,8.94E-06,821.21212,1231.3131,213.13131,1061.6162,1358.5859,849.49495,0.24545455,8777.7778,0.24242424,0,0,22150.541,22070.58,25,90.938728,DESKTOP-SDN3ES6,KYS_AI.cmsd\KYS_AI_00565,0,
566,LatinHyperCube,Complete,NormalTermination,Training,Auto,FALSE,TRUE,0,3.42E-06,807.07071,481.81818,1132.3232,651.51515,283.83838,495.9596,0.25454545,4232.3232,0.13030303,0,0,23116.309,23030.543,25,88.265228,DESKTOP-SDN3ES6,KYS_AI.cmsd\KYS_AI_00566,0,
567,LatinHyperCube,Complete,NormalTermination,Training,Auto,FALSE,TRUE,0,3.14E-06,1019.1919,1401.0101,566.66667,411.11111,906.06061,1500,0.29393939,9585.8586,0.12121212,0,0,22854.164,22766.811,25,92.121574,DESKTOP-SDN3ES6,KYS_AI.cmsd\KYS_AI_00567,0,
568,LatinHyperCube,Complete,NormalTermination,Training,Auto,FALSE,TRUE,0,5.40E-06,1471.7172,1005.0505,566.66667,128.28283,411.11111,580.80808,0.15151515,5949.4949,0.27878788,0,0,22806.59,22729.592,25,91.437103,DESKTOP-SDN3ES6,KYS_AI.cmsd\KYS_AI_00568,0,
569,LatinHyperCube,Complete,NormalTermination,Training,Auto,FALSE,TRUE,0,7.31E-06,1316.1616,1372.7273,1132.3232,1401.0101,241.41414,792.92929,0.16363636,6757.5758,0.32727273,0,0,22433.877,22346.105,25,89.675293,DESKTOP-SDN3ES6,KYS_AI.cmsd\KYS_AI_00569,0,
570,LatinHyperCube,Complete,NormalTermination,Training,Auto,FALSE,TRUE,0,3.42E-06,623.23232,1245.4545,142.42424,255.55556,679.79798,1415.1515,0.13636364,4535.3535,0.34242424,0,0,22098.555,22026.994,25,94.118477,DESKTOP-SDN3ES6,KYS_AI.cmsd\KYS_AI_00570,0,
571,LatinHyperCube,Complete,NormalTermination,Training,Auto,FALSE,TRUE,0,6.89E-06,1500,1287.8788,1174.7475,764.64646,623.23232,1471.7172,0.19393939,1808.0808,0.22424242,0,0,22632.701,22545.65,25,89.400764,DESKTOP-SDN3ES6,KYS_AI.cmsd\KYS_AI_00571,0,
572,LatinHyperCube,Complete,NormalTermination,Training,Auto,FALSE,TRUE,0,9.51E-06,467.67677,1146.4646,609.09091,891.91919,1132.3232,891.91919,0.3,5343.4343,0.18181818,0,0,22469.596,22382.209,25,90.146805,DESKTOP-SDN3ES6,KYS_AI.cmsd\KYS_AI_00572,0,
573,LatinHyperCube,Complete,NormalTermination,Training,Auto,FALSE,TRUE,0,9.93E-06,1245.4545,128.28283,340.40404,481.81818,835.35354,1160.6061,0.17575758,8676.7677,0.16969697,0,0,22657.234,22576.801,25,90.242287,DESKTOP-SDN3ES6,KYS_AI.cmsd\KYS_AI_00573,0,
574,LatinHyperCube,Complete,NormalTermination,Training,Auto,FALSE,TRUE,0,5.76E-06,368.68687,213.13131,439.39394,1245.4545,1132.3232,552.52525,0.31212121,8171.7172,0.37272727,0,0,22603.547,22527.537,25,85.872917,DESKTOP-SDN3ES6,KYS_AI.cmsd\KYS_AI_00574,0,
575,LatinHyperCube,Complete,NormalTermination,Training,Auto,FALSE,TRUE,0,4.06E-06,736.36364,1358.5859,1485.8586,481.81818,693.93939,1245.4545,0.38787879,4333.3333,0.33030303,0,0,22422.432,22336.098,25,89.04847,DESKTOP-SDN3ES6,KYS_AI.cmsd\KYS_AI_00575,0,
576,LatinHyperCube,Complete,NormalTermination,Training,Auto,FALSE,TRUE,0,7.67E-06,934.34343,481.81818,722.22222,481.81818,580.80808,1443.4343,0.11515152,7262.6263,0.17272727,0,0,22890.031,22802.602,25,90.0159,DESKTOP-SDN3ES6,KYS_AI.cmsd\KYS_AI_00576,0,
577,LatinHyperCube,Complete,NormalTermination,Training,Auto,FALSE,TRUE,0,8.30E-06,1287.8788,750.50505,976.76768,679.79798,594.94949,382.82828,0.36666667,1909.0909,0.13333333,0,0,22638.207,22552.08,25,89.637192,DESKTOP-SDN3ES6,KYS_AI.cmsd\KYS_AI_00577,0,
578,LatinHyperCube,Complete,NormalTermination,Training,Auto,FALSE,TRUE,0,9.08E-06,1259.596,1344.4444,198.9899,1089.899,1118.1818,835.35354,0.20606061,3424.2424,0.23030303,0,0,21904.404,21823.883,25,91.64463,DESKTOP-SDN3ES6,KYS_AI.cmsd\KYS_AI_00578,0,
579,LatinHyperCube,Complete,NormalTermination,Training,Auto,FALSE,TRUE,0,9.72E-06,750.50505,396.9697,821.21212,1118.1818,764.64646,594.94949,0.33939394,9585.8586,0.2,0,0,22585.627,22498.318,25,88.421257,DESKTOP-SDN3ES6,KYS_AI.cmsd\KYS_AI_00579,0,
580,LatinHyperCube,Complete,NormalTermination,Training,Auto,FALSE,TRUE,0,3.21E-06,1104.0404,1372.7273,1146.4646,609.09091,326.26263,778.78788,0.34242424,1707.0707,0.28484848,0,0,22597.303,22510.785,25,89.967827,DESKTOP-SDN3ES6,KYS_AI.cmsd\KYS_AI_00580,0,
581,LatinHyperCube,Complete,NormalTermination,Training,Auto,FALSE,TRUE,0,6.25E-06,1245.4545,1160.6061,1132.3232,100,651.51515,495.9596,0.3030303,10292.929,0.28787879,0,0,22691.375,22606.535,25,89.540009,DESKTOP-SDN3ES6,KYS_AI.cmsd\KYS_AI_00581,0,
582,LatinHyperCube,Complete,NormalTermination,Training,Auto,FALSE,TRUE,0,4.98E-06,283.83838,976.76768,1344.4444,198.9899,255.55556,1160.6061,0.34242424,4535.3535,0.28181818,0,0,22520.381,22435.416,25,87.928879,DESKTOP-SDN3ES6,KYS_AI.cmsd\KYS_AI_00582,0,
583,LatinHyperCube,Complete,NormalTermination,Training,Auto,FALSE,TRUE,0,7.38E-06,1344.4444,1174.7475,396.9697,495.9596,566.66667,807.07071,0.36363636,9686.8687,0.22424242,0,0,22417.5,22334.51,25,92.602119,DESKTOP-SDN3ES6,KYS_AI.cmsd\KYS_AI_00583,0,
584,LatinHyperCube,Complete,NormalTermination,Training,Auto,FALSE,TRUE,0,4.48E-06,1061.6162,1485.8586,1259.596,750.50505,1358.5859,1217.1717,0.16666667,2818.1818,0.16969697,0,0,22569.787,22483.686,25,89.706841,DESKTOP-SDN3ES6,KYS_AI.cmsd\KYS_AI_00584,0,
585,LatinHyperCube,Complete,NormalTermination,Training,Auto,FALSE,TRUE,0,3.85E-06,1075.7576,1217.1717,1174.7475,580.80808,481.81818,708.08081,0.33030303,10595.96,0.29090909,0,0,22602.174,22515.725,25,89.614899,DESKTOP-SDN3ES6,KYS_AI.cmsd\KYS_AI_00585,0,
586,LatinHyperCube,Complete,NormalTermination,Training,Auto,FALSE,TRUE,0,9.43E-06,255.55556,1005.0505,227.27273,1372.7273,411.11111,241.41414,0.37575758,4232.3232,0.36363636,0,0,22317.586,22239.916,25,89.047806,DESKTOP-SDN3ES6,KYS_AI.cmsd\KYS_AI_00586,0,
587,LatinHyperCube,Complete,NormalTermination,Training,Auto,FALSE,TRUE,0,6.96E-06,538.38384,1118.1818,1500,1259.596,1316.1616,1005.0505,0.36666667,9080.8081,0.23030303,0,0,22378.438,22292.053,25,88.277092,DESKTOP-SDN3ES6,KYS_AI.cmsd\KYS_AI_00587,0,
588,LatinHyperCube,Complete,NormalTermination,Training,Auto,FALSE,TRUE,0,8.37E-06,439.39394,976.76768,1089.899,1401.0101,1259.596,1316.1616,0.14242424,6252.5253,0.18181818,0,0,22417.031,22330.877,25,88.888306,DESKTOP-SDN3ES6,KYS_AI.cmsd\KYS_AI_00588,0,
589,LatinHyperCube,Complete,NormalTermination,Training,Auto,FALSE,TRUE,0,8.16E-06,524.24242,382.82828,1019.1919,297.9798,1033.3333,297.9798,0.14848485,5444.4444,0.16666667,0,0,22873.971,22787.812,25,87.442871,DESKTOP-SDN3ES6,KYS_AI.cmsd\KYS_AI_00589,0,
590,LatinHyperCube,Complete,NormalTermination,Training,Auto,FALSE,TRUE,0,5.69E-06,269.69697,524.24242,1089.899,1287.8788,934.34343,962.62626,0.34848485,7161.6162,0.3,0,0,22514.211,22427.664,25,86.610046,DESKTOP-SDN3ES6,KYS_AI.cmsd\KYS_AI_00590,0,
591,LatinHyperCube,Complete,NormalTermination,Training,Auto,FALSE,TRUE,0,9.86E-06,170.70707,1358.5859,100,1188.8889,1231.3131,835.35354,0.10909091,2515.1515,0.38787879,0,0,22121.076,22042.324,25,90.253632,DESKTOP-SDN3ES6,KYS_AI.cmsd\KYS_AI_00591,0,
592,LatinHyperCube,Complete,NormalTermination,Training,Auto,FALSE,TRUE,0,7.03E-06,1174.7475,693.93939,651.51515,891.91919,114.14141,976.76768,0.15454545,6959.596,0.38787879,0,0,22526.352,22448.352,25,90.269737,DESKTOP-SDN3ES6,KYS_AI.cmsd\KYS_AI_00592,0,
593,LatinHyperCube,Complete,NormalTermination,Training,Auto,FALSE,TRUE,0,6.39E-06,396.9697,1259.596,1118.1818,1471.7172,1089.899,1443.4343,0.11515152,3424.2424,0.14848485,0,0,22175.432,22090.566,25,89.963661,DESKTOP-SDN3ES6,KYS_AI.cmsd\KYS_AI_00593,0,
594,LatinHyperCube,Complete,NormalTermination,Training,Auto,FALSE,TRUE,0,9.08E-06,1415.1515,1160.6061,736.36364,1485.8586,637.37374,1118.1818,0.25454545,10494.949,0.14242424,0,0,22425.592,22337.803,25,91.319519,DESKTOP-SDN3ES6,KYS_AI.cmsd\KYS_AI_00594,0,
595,LatinHyperCube,Complete,NormalTermination,Training,Auto,FALSE,TRUE,0,5.47E-06,623.23232,1471.7172,241.41414,340.40404,736.36364,990.90909,0.39090909,2515.1515,0.23333333,0,0,22374.486,22299.48,25,93.474617,DESKTOP-SDN3ES6,KYS_AI.cmsd\KYS_AI_00595,0,
596,LatinHyperCube,Complete,NormalTermination,Training,Auto,FALSE,TRUE,0,3.00E-06,312.12121,1358.5859,213.13131,312.12121,538.38384,269.69697,0.12424242,2515.1515,0.15151515,0,0,22611.902,22534.225,25,93.80687,DESKTOP-SDN3ES6,KYS_AI.cmsd\KYS_AI_00596,0,
597,LatinHyperCube,Complete,NormalTermination,Training,Auto,FALSE,TRUE,0,6.82E-06,128.28283,990.90909,764.64646,1005.0505,1061.6162,1203.0303,0.35454545,4535.3535,0.18484848,0,0,22301.223,22215.727,25,88.614357,DESKTOP-SDN3ES6,KYS_AI.cmsd\KYS_AI_00597,0,
598,LatinHyperCube,Complete,NormalTermination,Training,Auto,FALSE,TRUE,0,5.83E-06,1245.4545,297.9798,297.9798,594.94949,382.82828,580.80808,0.37878788,10494.949,0.33333333,0,0,22420.486,22346.309,25,90.598541,DESKTOP-SDN3ES6,KYS_AI.cmsd\KYS_AI_00598,0,
599,LatinHyperCube,Complete,AbnormalTermination,Training,Auto,FALSE,FALSE,0,7.74E-06,312.12121,750.50505,1019.1919,849.49495,1386.8687,990.90909,0.12424242,2818.1818,0.4,,,,,,,DESKTOP-SDN3ES6,KYS_AI.cmsd\KYS_AI_00599,0,
600,LatinHyperCube,Complete,NormalTermination,Training,Auto,FALSE,TRUE,0,7.74E-06,778.78788,114.14141,467.67677,1273.7374,835.35354,1500,0.27878788,7767.6768,0.29090909,0,0,22632.564,22554.109,25,85.757225,DESKTOP-SDN3ES6,KYS_AI.cmsd\KYS_AI_00600,0,
601,LatinHyperCube,Complete,NormalTermination,Training,Auto,FALSE,TRUE,0,6.68E-06,609.09091,1386.8687,906.06061,227.27273,1429.2929,1344.4444,0.28181818,10191.919,0.4,0,0,22560.061,22477.996,25,89.129707,DESKTOP-SDN3ES6,KYS_AI.cmsd\KYS_AI_00601,0,
602,LatinHyperCube,Complete,NormalTermination,Training,Auto,FALSE,TRUE,0,9.15E-06,665.65657,1132.3232,467.67677,623.23232,1500,1358.5859,0.18181818,9282.8283,0.31515152,0,0,22487.223,22407.213,25,91.348549,DESKTOP-SDN3ES6,KYS_AI.cmsd\KYS_AI_00602,0,
603,LatinHyperCube,Complete,NormalTermination,Training,Auto,FALSE,TRUE,0,6.96E-06,778.78788,467.67677,623.23232,807.07071,863.63636,283.83838,0.29393939,8979.798,0.32424242,0,0,22584.912,22504.256,25,89.652016,DESKTOP-SDN3ES6,KYS_AI.cmsd\KYS_AI_00603,0,
604,LatinHyperCube,Complete,NormalTermination,Training,Auto,FALSE,TRUE,0,8.52E-06,934.34343,962.62626,566.66667,411.11111,524.24242,1344.4444,0.36666667,2313.1313,0.31212121,0,0,22528.213,22450.127,25,90.948441,DESKTOP-SDN3ES6,KYS_AI.cmsd\KYS_AI_00604,0,
605,LatinHyperCube,Complete,NormalTermination,Training,Auto,FALSE,TRUE,0,7.95E-06,1330.303,1217.1717,1500,736.36364,962.62626,510.10101,0.28484848,5747.4747,0.20606061,0,0,22539.982,22453.396,25,89.299225,DESKTOP-SDN3ES6,KYS_AI.cmsd\KYS_AI_00605,0,
606,LatinHyperCube,Complete,NormalTermination,Training,Auto,FALSE,TRUE,0,3.21E-06,863.63636,128.28283,722.22222,1231.3131,1075.7576,1132.3232,0.39090909,9888.8889,0.33939394,0,0,22796.824,22717.59,25,86.615189,DESKTOP-SDN3ES6,KYS_AI.cmsd\KYS_AI_00606,0,
607,LatinHyperCube,Complete,NormalTermination,Training,Auto,FALSE,TRUE,0,6.25E-06,1033.3333,1457.5758,411.11111,1401.0101,651.51515,481.81818,0.20606061,5141.4141,0.2,0,0,22145.1,22060.344,25,91.675003,DESKTOP-SDN3ES6,KYS_AI.cmsd\KYS_AI_00607,0,
608,LatinHyperCube,Complete,NormalTermination,Training,Auto,FALSE,TRUE,0,5.90E-06,1174.7475,637.37374,283.83838,552.52525,580.80808,1287.8788,0.13636364,1606.0606,0.36363636,0,0,22341.811,22268.99,25,91.935524,DESKTOP-SDN3ES6,KYS_AI.cmsd\KYS_AI_00608,0,
609,LatinHyperCube,Complete,NormalTermination,Training,Auto,FALSE,TRUE,0,5.83E-06,1358.5859,156.56566,778.78788,934.34343,1217.1717,453.53535,0.37575758,3020.202,0.26969697,0,0,22670.303,22585.785,25,88.738098,DESKTOP-SDN3ES6,KYS_AI.cmsd\KYS_AI_00609,0,
610,LatinHyperCube,Complete,NormalTermination,Training,Auto,FALSE,TRUE,0,6.11E-06,255.55556,1217.1717,1005.0505,637.37374,1372.7273,326.26263,0.32424242,5343.4343,0.30606061,0,0,22368.461,22284.199,25,89.294205,DESKTOP-SDN3ES6,KYS_AI.cmsd\KYS_AI_00610,0,
611,LatinHyperCube,Complete,NormalTermination,Training,Auto,FALSE,TRUE,0,7.74E-06,439.39394,297.9798,1330.303,538.38384,1500,439.39394,0.28181818,1000,0.23939394,0,0,22713.078,22627.727,25,85.339607,DESKTOP-SDN3ES6,KYS_AI.cmsd\KYS_AI_00611,0,
612,LatinHyperCube,Complete,NormalTermination,Training,Auto,FALSE,TRUE,0,3.99E-06,1245.4545,1372.7273,495.9596,1033.3333,722.22222,1005.0505,0.19090909,3929.2929,0.13636364,0,0,22225.762,22137.695,25,92.424744,DESKTOP-SDN3ES6,KYS_AI.cmsd\KYS_AI_00612,0,
613,LatinHyperCube,Complete,NormalTermination,Training,Auto,FALSE,TRUE,0,5.26E-06,481.81818,1203.0303,283.83838,1005.0505,835.35354,453.53535,0.32727273,1505.0505,0.31515152,0,0,22264.307,22186.438,25,90.580238,DESKTOP-SDN3ES6,KYS_AI.cmsd\KYS_AI_00613,0,
614,LatinHyperCube,Complete,NormalTermination,Training,Auto,FALSE,TRUE,0,9.65E-06,368.68687,948.48485,609.09091,184.84848,269.69697,156.56566,0.26363636,1505.0505,0.15757576,0,0,22632.395,22550.23,25,90.422943,DESKTOP-SDN3ES6,KYS_AI.cmsd\KYS_AI_00614,0,
615,LatinHyperCube,Complete,NormalTermination,Training,Auto,FALSE,TRUE,0,5.12E-06,213.13131,1330.303,750.50505,1259.596,750.50505,142.42424,0.34545455,10494.949,0.2,0,0,22207.383,22121.547,25,89.798668,DESKTOP-SDN3ES6,KYS_AI.cmsd\KYS_AI_00615,0,
616,LatinHyperCube,Complete,NormalTermination,Training,Auto,FALSE,TRUE,0,8.44E-06,651.51515,665.65657,1075.7576,594.94949,524.24242,1259.596,0.33030303,5545.4545,0.13636364,0,0,22626.107,22540.391,25,88.663818,DESKTOP-SDN3ES6,KYS_AI.cmsd\KYS_AI_00616,0,
617,LatinHyperCube,Complete,NormalTermination,Training,Auto,FALSE,TRUE,0,4.77E-06,198.9899,792.92929,1245.4545,1146.4646,128.28283,1005.0505,0.14242424,5848.4848,0.13636364,0,0,22404.031,22317.986,25,87.486748,DESKTOP-SDN3ES6,KYS_AI.cmsd\KYS_AI_00617,0,
618,LatinHyperCube,Complete,NormalTermination,Training,Auto,FALSE,TRUE,0,5.90E-06,708.08081,128.28283,1089.899,368.68687,411.11111,283.83838,0.10909091,6050.5051,0.13636364,0,0,23409.432,23323.152,25,86.946655,DESKTOP-SDN3ES6,KYS_AI.cmsd\KYS_AI_00618,0,
619,LatinHyperCube,Complete,NormalTermination,Training,Auto,FALSE,TRUE,0,5.12E-06,1316.1616,934.34343,637.37374,962.62626,1287.8788,283.83838,0.17878788,6656.5657,0.26363636,0,0,22504.115,22417.783,25,91.363991,DESKTOP-SDN3ES6,KYS_AI.cmsd\KYS_AI_00619,0,
620,LatinHyperCube,Complete,NormalTermination,Training,Auto,FALSE,TRUE,0,9.58E-06,722.22222,1174.7475,1047.4747,637.37374,510.10101,1401.0101,0.18787879,3626.2626,0.11212121,0,0,22591.457,22505.244,25,89.576828,DESKTOP-SDN3ES6,KYS_AI.cmsd\KYS_AI_00620,0,
621,LatinHyperCube,Complete,NormalTermination,Training,Auto,FALSE,TRUE,0,7.81E-06,1358.5859,877.77778,255.55556,1302.0202,990.90909,255.55556,0.23333333,3121.2121,0.15454545,0,0,22092.439,22008.391,25,90.366646,DESKTOP-SDN3ES6,KYS_AI.cmsd\KYS_AI_00621,0,
622,LatinHyperCube,Complete,NormalTermination,Training,Auto,FALSE,TRUE,0,9.36E-06,736.36364,156.56566,736.36364,990.90909,184.84848,807.07071,0.10909091,8070.7071,0.11515152,0,0,23021.197,22934.496,25,87.263695,DESKTOP-SDN3ES6,KYS_AI.cmsd\KYS_AI_00622,0,
623,LatinHyperCube,Complete,NormalTermination,Training,Auto,FALSE,TRUE,0,8.52E-06,835.35354,750.50505,764.64646,623.23232,891.91919,467.67677,0.37575758,2111.1111,0.17575758,0,0,22598.494,22511.303,25,89.77005,DESKTOP-SDN3ES6,KYS_AI.cmsd\KYS_AI_00623,0,
624,LatinHyperCube,Complete,NormalTermination,Training,Auto,FALSE,TRUE,0,3.42E-06,1203.0303,495.9596,382.82828,821.21212,637.37374,1047.4747,0.36060606,1202.0202,0.28484848,0,0,22469.191,22389.756,25,90.498009,DESKTOP-SDN3ES6,KYS_AI.cmsd\KYS_AI_00624,0,
625,LatinHyperCube,Complete,NormalTermination,Training,Auto,FALSE,TRUE,0,9.29E-06,1457.5758,1174.7475,891.91919,849.49495,114.14141,184.84848,0.2030303,7060.6061,0.19090909,0,0,22556.855,22470.23,25,90.753174,DESKTOP-SDN3ES6,KYS_AI.cmsd\KYS_AI_00625,0,
626,LatinHyperCube,Complete,NormalTermination,Training,Auto,FALSE,TRUE,0,6.11E-06,637.37374,156.56566,920.20202,1047.4747,1245.4545,1344.4444,0.11515152,3424.2424,0.19090909,0,0,23021.912,22935.162,25,87.040657,DESKTOP-SDN3ES6,KYS_AI.cmsd\KYS_AI_00626,0,
627,LatinHyperCube,Complete,AbnormalTermination,Training,Auto,FALSE,FALSE,0,8.02E-06,142.42424,114.14141,1358.5859,227.27273,764.64646,1429.2929,0.14545455,7363.6364,0.10606061,,,,,,,DESKTOP-SDN3ES6,KYS_AI.cmsd\KYS_AI_00627,0,
628,LatinHyperCube,Complete,NormalTermination,Training,Auto,FALSE,TRUE,0,5.62E-06,425.25253,962.62626,1203.0303,538.38384,1160.6061,1429.2929,0.33939394,2515.1515,0.24545455,0,0,22502.875,22415.834,25,88.029076,DESKTOP-SDN3ES6,KYS_AI.cmsd\KYS_AI_00628,0,
629,LatinHyperCube,Complete,NormalTermination,Training,Auto,FALSE,TRUE,0,3.85E-06,566.66667,962.62626,948.48485,849.49495,863.63636,920.20202,0.34545455,10090.909,0.29393939,0,0,22493.449,22406.65,25,89.849495,DESKTOP-SDN3ES6,KYS_AI.cmsd\KYS_AI_00629,0,
630,LatinHyperCube,Complete,NormalTermination,Training,Auto,FALSE,TRUE,0,9.15E-06,114.14141,510.10101,368.68687,807.07071,156.56566,920.20202,0.16969697,2919.1919,0.26060606,0,0,22506.73,22430.361,25,87.398537,DESKTOP-SDN3ES6,KYS_AI.cmsd\KYS_AI_00630,0,
631,LatinHyperCube,Complete,NormalTermination,Training,Auto,FALSE,TRUE,0,7.17E-06,1047.4747,792.92929,566.66667,453.53535,425.25253,1500,0.16666667,2313.1313,0.22121212,0,0,22699.896,22616.635,25,91.398361,DESKTOP-SDN3ES6,KYS_AI.cmsd\KYS_AI_00631,0,
632,LatinHyperCube,Complete,NormalTermination,Training,Auto,FALSE,TRUE,0,6.11E-06,948.48485,821.21212,1231.3131,453.53535,1330.303,962.62626,0.14242424,8575.7576,0.32121212,0,0,22673.646,22587.676,25,89.013573,DESKTOP-SDN3ES6,KYS_AI.cmsd\KYS_AI_00632,0,
633,LatinHyperCube,Complete,NormalTermination,Training,Auto,FALSE,TRUE,0,8.94E-06,1302.0202,990.90909,467.67677,1047.4747,100,1174.7475,0.18787879,3626.2626,0.39090909,0,0,22351.541,22274.01,25,91.38681,DESKTOP-SDN3ES6,KYS_AI.cmsd\KYS_AI_00633,0,
634,LatinHyperCube,Complete,NormalTermination,Training,Auto,FALSE,TRUE,0,4.48E-06,283.83838,184.84848,382.82828,693.93939,962.62626,184.84848,0.24242424,2414.1414,0.24545455,0,0,22843.705,22769.443,25,86.774139,DESKTOP-SDN3ES6,KYS_AI.cmsd\KYS_AI_00634,0,
635,LatinHyperCube,Complete,NormalTermination,Training,Auto,FALSE,TRUE,0,8.73E-06,891.91919,1104.0404,1457.5758,750.50505,453.53535,679.79798,0.17272727,4636.3636,0.22424242,0,0,22518.465,22431.443,25,88.982208,DESKTOP-SDN3ES6,KYS_AI.cmsd\KYS_AI_00635,0,
636,LatinHyperCube,Complete,NormalTermination,Training,Auto,FALSE,TRUE,0,4.77E-06,524.24242,170.70707,1160.6061,821.21212,1231.3131,863.63636,0.22424242,1606.0606,0.4,0,0,22789.762,22708.682,25,86.10997,DESKTOP-SDN3ES6,KYS_AI.cmsd\KYS_AI_00636,0,
637,LatinHyperCube,Complete,NormalTermination,Training,Auto,FALSE,TRUE,0,4.63E-06,354.54545,1160.6061,906.06061,948.48485,623.23232,1047.4747,0.25151515,5242.4242,0.36969697,0,0,22401.238,22315.775,25,88.996216,DESKTOP-SDN3ES6,KYS_AI.cmsd\KYS_AI_00637_1,0,
638,LatinHyperCube,Complete,NormalTermination,Training,Auto,FALSE,TRUE,0,4.63E-06,1160.6061,906.06061,128.28283,283.83838,1485.8586,1358.5859,0.39393939,9181.8182,0.25454545,0,0,21963.643,21891.293,25,93.957947,DESKTOP-SDN3ES6,KYS_AI.cmsd\KYS_AI_00638,0,
639,LatinHyperCube,Complete,NormalTermination,Training,Auto,FALSE,FALSE,0,6.89E-06,368.68687,340.40404,1386.8687,1500,467.67677,566.66667,0.21818182,9888.8889,0.35151515,2738198.2,2590167.2,22707.828,21999.277,25,78.939148,DESKTOP-SDN3ES6,KYS_AI.cmsd\KYS_AI_00639,0,
640,LatinHyperCube,Complete,NormalTermination,Training,Auto,FALSE,TRUE,0,9.65E-06,1415.1515,1217.1717,1146.4646,1217.1717,1287.8788,1457.5758,0.11818182,8575.7576,0.33636364,0,0,22517.734,22429.93,25,89.311584,DESKTOP-SDN3ES6,KYS_AI.cmsd\KYS_AI_00640,0,
641,LatinHyperCube,Complete,NormalTermination,Training,Auto,FALSE,TRUE,0,9.79E-06,241.41414,1005.0505,1104.0404,142.42424,1457.5758,439.39394,0.21818182,5747.4747,0.16969697,0,0,22584.828,22498.893,25,88.749626,DESKTOP-SDN3ES6,KYS_AI.cmsd\KYS_AI_00641,0,
642,LatinHyperCube,Complete,NormalTermination,Training,Auto,FALSE,TRUE,0,3.92E-06,198.9899,1386.8687,693.93939,453.53535,255.55556,142.42424,0.26969697,6353.5354,0.30909091,0,0,22335.133,22252.684,25,90.119362,DESKTOP-SDN3ES6,KYS_AI.cmsd\KYS_AI_00642,0,
643,LatinHyperCube,Complete,NormalTermination,Training,Auto,FALSE,TRUE,0,5.19E-06,467.67677,1330.303,1231.3131,184.84848,722.22222,326.26263,0.12121212,8676.7677,0.36060606,0,0,22602.053,22517.83,25,88.900314,DESKTOP-SDN3ES6,KYS_AI.cmsd\KYS_AI_00643,0,
644,LatinHyperCube,Complete,NormalTermination,Training,Auto,FALSE,TRUE,0,3.21E-06,1358.5859,1019.1919,934.34343,114.14141,990.90909,693.93939,0.28181818,1404.0404,0.3030303,0,0,22917.453,22837.143,25,89.90416,DESKTOP-SDN3ES6,KYS_AI.cmsd\KYS_AI_00644,0,
645,LatinHyperCube,Complete,NormalTermination,Training,Auto,FALSE,TRUE,0,8.44E-06,128.28283,411.11111,637.37374,241.41414,128.28283,1259.596,0.12121212,2616.1616,0.36969697,0,0,22600.604,22530.859,25,87.78096,DESKTOP-SDN3ES6,KYS_AI.cmsd\KYS_AI_00645,0,
646,LatinHyperCube,Complete,NormalTermination,Training,Auto,FALSE,TRUE,0,7.45E-06,962.62626,510.10101,962.62626,1330.303,891.91919,1443.4343,0.25454545,10393.939,0.37272727,0,0,22555.805,22470.338,25,88.593727,DESKTOP-SDN3ES6,KYS_AI.cmsd\KYS_AI_00646,0,
647,LatinHyperCube,Complete,NormalTermination,Training,Auto,FALSE,TRUE,0,6.82E-06,227.27273,241.41414,835.35354,623.23232,835.35354,764.64646,0.33636364,4939.3939,0.11515152,0,0,22785.764,22699.809,25,85.577827,DESKTOP-SDN3ES6,KYS_AI.cmsd\KYS_AI_00647,0,
648,LatinHyperCube,Complete,NormalTermination,Training,Auto,FALSE,TRUE,0,6.46E-06,1500,396.9697,948.48485,156.56566,665.65657,1302.0202,0.16666667,4333.3333,0.25454545,0,0,22859.418,22778.012,25,89.055099,DESKTOP-SDN3ES6,KYS_AI.cmsd\KYS_AI_00648,0,
649,LatinHyperCube,Complete,NormalTermination,Training,Auto,FALSE,TRUE,0,6.75E-06,708.08081,198.9899,297.9798,1146.4646,524.24242,467.67677,0.16060606,1404.0404,0.2969697,0,0,22612.229,22534.775,25,86.321823,DESKTOP-SDN3ES6,KYS_AI.cmsd\KYS_AI_00649,0,
650,LatinHyperCube,Complete,NormalTermination,Training,Auto,FALSE,TRUE,0,3.71E-06,213.13131,142.42424,184.84848,269.69697,1231.3131,1386.8687,0.34545455,6757.5758,0.27878788,0,0,22833.123,22767.789,25,89.257011,DESKTOP-SDN3ES6,KYS_AI.cmsd\KYS_AI_00650,0,
651,LatinHyperCube,Complete,NormalTermination,Training,Auto,FALSE,TRUE,0,6.32E-06,637.37374,920.20202,1443.4343,594.94949,906.06061,736.36364,0.25454545,2111.1111,0.33030303,0,0,22485.309,22399.73,25,88.26947,DESKTOP-SDN3ES6,KYS_AI.cmsd\KYS_AI_00651,0,
652,LatinHyperCube,Complete,NormalTermination,Training,Auto,FALSE,TRUE,0,4.34E-06,835.35354,1019.1919,849.49495,1287.8788,976.76768,1019.1919,0.12424242,8676.7677,0.20909091,0,0,22536.271,22448.855,25,90.061447,DESKTOP-SDN3ES6,KYS_AI.cmsd\KYS_AI_00652,0,
653,LatinHyperCube,Complete,NormalTermination,Training,Auto,FALSE,TRUE,0,3.35E-06,538.38384,1401.0101,1047.4747,297.9798,934.34343,538.38384,0.22727273,6050.5051,0.21212121,0,0,22687.904,22601.779,25,89.843658,DESKTOP-SDN3ES6,KYS_AI.cmsd\KYS_AI_00653,0,
654,LatinHyperCube,Complete,NormalTermination,Training,Auto,FALSE,TRUE,0,4.20E-06,396.9697,411.11111,1203.0303,382.82828,962.62626,425.25253,0.37272727,9383.8384,0.34545455,0,0,22683.43,22599.342,25,86.216454,DESKTOP-SDN3ES6,KYS_AI.cmsd\KYS_AI_00654,0,
655,LatinHyperCube,Complete,NormalTermination,Training,Auto,FALSE,TRUE,0,7.53E-06,156.56566,255.55556,1259.596,411.11111,297.9798,1188.8889,0.28787879,3929.2929,0.10909091,0,0,22805.986,22720.156,25,83.23951,DESKTOP-SDN3ES6,KYS_AI.cmsd\KYS_AI_00655,0,
656,LatinHyperCube,Complete,NormalTermination,Training,Auto,FALSE,TRUE,0,7.03E-06,411.11111,1188.8889,538.38384,877.77778,948.48485,326.26263,0.36363636,2010.101,0.27575758,0,0,22421.1,22340.135,25,90.329041,DESKTOP-SDN3ES6,KYS_AI.cmsd\KYS_AI_00656,0,
657,LatinHyperCube,Complete,NormalTermination,Training,Auto,FALSE,TRUE,0,7.95E-06,312.12121,524.24242,750.50505,510.10101,1485.8586,906.06061,0.18181818,1808.0808,0.34848485,0,0,22606.719,22523.723,25,87.704231,DESKTOP-SDN3ES6,KYS_AI.cmsd\KYS_AI_00657,0,
658,LatinHyperCube,Complete,NormalTermination,Training,Auto,FALSE,TRUE,0,6.32E-06,170.70707,538.38384,467.67677,1160.6061,297.9798,693.93939,0.38787879,6858.5859,0.37272727,0,0,22442.969,22364.498,25,86.960335,DESKTOP-SDN3ES6,KYS_AI.cmsd\KYS_AI_00658,0,
659,LatinHyperCube,Complete,NormalTermination,Training,Auto,FALSE,TRUE,0,7.60E-06,1217.1717,1273.7374,708.08081,609.09091,297.9798,750.50505,0.27272727,6959.596,0.27272727,0,0,22545.498,22460.121,25,91.142944,DESKTOP-SDN3ES6,KYS_AI.cmsd\KYS_AI_00659,0,
660,LatinHyperCube,Complete,NormalTermination,Training,Auto,FALSE,TRUE,0,7.24E-06,1259.596,1485.8586,863.63636,524.24242,1415.1515,651.51515,0.21515152,5646.4646,0.26969697,0,0,22575.969,22488.264,25,90.148735,DESKTOP-SDN3ES6,KYS_AI.cmsd\KYS_AI_00660,0,
661,LatinHyperCube,Complete,NormalTermination,Training,Auto,FALSE,TRUE,0,3.14E-06,665.65657,1132.3232,1146.4646,1188.8889,821.21212,821.21212,0.24242424,8979.798,0.13030303,0,0,22478.91,22392.688,25,89.375908,DESKTOP-SDN3ES6,KYS_AI.cmsd\KYS_AI_00661,0,
662,LatinHyperCube,Complete,NormalTermination,Training,Auto,FALSE,TRUE,0,8.23E-06,396.9697,934.34343,920.20202,1287.8788,510.10101,1019.1919,0.31212121,3929.2929,0.2969697,0,0,22415.121,22329.23,25,88.691605,DESKTOP-SDN3ES6,KYS_AI.cmsd\KYS_AI_00662,0,
663,LatinHyperCube,Complete,NormalTermination,Training,Auto,FALSE,TRUE,0,6.61E-06,354.54545,1019.1919,453.53535,1500,439.39394,891.91919,0.32121212,5747.4747,0.34848485,0,0,22331.098,22250.771,25,88.484947,DESKTOP-SDN3ES6,KYS_AI.cmsd\KYS_AI_00663,0,
664,LatinHyperCube,Complete,NormalTermination,Training,Auto,FALSE,TRUE,0,8.09E-06,849.49495,934.34343,1429.2929,736.36364,736.36364,708.08081,0.13636364,5646.4646,0.24242424,0,0,22579.564,22493.018,25,88.601898,DESKTOP-SDN3ES6,KYS_AI.cmsd\KYS_AI_00664,0,
665,LatinHyperCube,Complete,NormalTermination,Training,Auto,FALSE,TRUE,0,9.01E-06,1146.4646,227.27273,821.21212,807.07071,269.69697,100,0.16363636,1000,0.19393939,0,0,22757.805,22672.125,25,88.828743,DESKTOP-SDN3ES6,KYS_AI.cmsd\KYS_AI_00665,0,
666,LatinHyperCube,Complete,NormalTermination,Training,Auto,FALSE,TRUE,0,3.35E-06,1174.7475,863.63636,283.83838,651.51515,1415.1515,1061.6162,0.25757576,3727.2727,0.14545455,0,0,22217.682,22132.027,25,92.308441,DESKTOP-SDN3ES6,KYS_AI.cmsd\KYS_AI_00666,0,
667,LatinHyperCube,Complete,NormalTermination,Training,Auto,FALSE,TRUE,0,9.86E-06,453.53535,948.48485,1415.1515,326.26263,100,1047.4747,0.35454545,9282.8283,0.38787879,0,0,22445.168,22361.641,25,88.478027,DESKTOP-SDN3ES6,KYS_AI.cmsd\KYS_AI_00667,0,
668,LatinHyperCube,Complete,NormalTermination,Training,Auto,FALSE,TRUE,0,6.11E-06,990.90909,891.91919,807.07071,1245.4545,792.92929,312.12121,0.13333333,8676.7677,0.30909091,0,0,22559.85,22473.754,25,89.996719,DESKTOP-SDN3ES6,KYS_AI.cmsd\KYS_AI_00668,0,
669,LatinHyperCube,Complete,NormalTermination,Training,Auto,FALSE,TRUE,0,9.36E-06,213.13131,1302.0202,241.41414,326.26263,1429.2929,312.12121,0.13939394,2919.1919,0.39090909,0,0,22359.412,22288.611,25,93.060646,DESKTOP-SDN3ES6,KYS_AI.cmsd\KYS_AI_00669,0,
670,LatinHyperCube,Complete,NormalTermination,Training,Auto,FALSE,TRUE,0,4.34E-06,665.65657,1415.1515,1316.1616,1500,962.62626,679.79798,0.38484848,2717.1717,0.33030303,0,0,22330.904,22244.678,25,89.257195,DESKTOP-SDN3ES6,KYS_AI.cmsd\KYS_AI_00670,0,
671,LatinHyperCube,Complete,NormalTermination,Training,Auto,FALSE,TRUE,0,8.87E-06,1146.4646,651.51515,1033.3333,495.9596,510.10101,1287.8788,0.22121212,8070.7071,0.28484848,0,0,22648.836,22562.523,25,88.453865,DESKTOP-SDN3ES6,KYS_AI.cmsd\KYS_AI_00671,0,
672,LatinHyperCube,Complete,NormalTermination,Training,Auto,FALSE,TRUE,0,6.61E-06,792.92929,1401.0101,269.69697,156.56566,835.35354,722.22222,0.27878788,7262.6263,0.14242424,0,0,22571.707,22493.766,25,93.749702,DESKTOP-SDN3ES6,KYS_AI.cmsd\KYS_AI_00672,0,
673,LatinHyperCube,Complete,NormalTermination,Training,Auto,FALSE,TRUE,0,7.60E-06,128.28283,1104.0404,693.93939,495.9596,1316.1616,1401.0101,0.23333333,10090.909,0.26666667,0,0,22393.637,22310.518,25,90.932152,DESKTOP-SDN3ES6,KYS_AI.cmsd\KYS_AI_00673,0,
674,LatinHyperCube,Complete,NormalTermination,Training,Auto,FALSE,TRUE,0,9.93E-06,227.27273,1415.1515,948.48485,1386.8687,142.42424,198.9899,0.20909091,6252.5253,0.35757576,0,0,22206.854,22123.074,25,88.943115,DESKTOP-SDN3ES6,KYS_AI.cmsd\KYS_AI_00674,0,
675,LatinHyperCube,Complete,NormalTermination,Training,Auto,FALSE,TRUE,0,9.51E-06,764.64646,128.28283,934.34343,326.26263,1386.8687,1174.7475,0.4,2616.1616,0.12727273,0,0,22731.5,22645.59,25,87.217934,DESKTOP-SDN3ES6,KYS_AI.cmsd\KYS_AI_00675,0,
676,LatinHyperCube,Complete,NormalTermination,Training,Auto,FALSE,TRUE,0,6.46E-06,1231.3131,1019.1919,1075.7576,1302.0202,807.07071,962.62626,0.27272727,2717.1717,0.35151515,0,0,22479.1,22391.359,25,89.575729,DESKTOP-SDN3ES6,KYS_AI.cmsd\KYS_AI_00676,0,
677,LatinHyperCube,Complete,NormalTermination,Training,Auto,FALSE,TRUE,0,4.13E-06,1344.4444,1415.1515,1174.7475,552.52525,1061.6162,1217.1717,0.29090909,5040.404,0.30909091,0,0,22662.502,22575.859,25,89.703384,DESKTOP-SDN3ES6,KYS_AI.cmsd\KYS_AI_00677,0,
678,LatinHyperCube,Complete,NormalTermination,Training,Auto,FALSE,TRUE,0,3.99E-06,1500,566.66667,538.38384,637.37374,920.20202,269.69697,0.23333333,10696.97,0.23939394,0,0,22653.992,22569.701,25,91.481499,DESKTOP-SDN3ES6,KYS_AI.cmsd\KYS_AI_00678,0,
679,LatinHyperCube,Complete,NormalTermination,Training,Auto,FALSE,TRUE,0,5.05E-06,552.52525,368.68687,198.9899,835.35354,170.70707,877.77778,0.37272727,8878.7879,0.28787879,0,0,22446.398,22370.783,25,88.50441,DESKTOP-SDN3ES6,KYS_AI.cmsd\KYS_AI_00679,0,
680,LatinHyperCube,Complete,NormalTermination,Training,Auto,FALSE,TRUE,0,6.89E-06,354.54545,849.49495,1415.1515,1174.7475,1429.2929,467.67677,0.14848485,7868.6869,0.31515152,0,0,22404.613,22318.727,25,87.254143,DESKTOP-SDN3ES6,KYS_AI.cmsd\KYS_AI_00680,0,
681,LatinHyperCube,Complete,NormalTermination,Training,Auto,FALSE,TRUE,0,5.12E-06,1457.5758,184.84848,778.78788,396.9697,990.90909,114.14141,0.18484848,10191.919,0.31212121,0,0,22835.697,22759.186,25,89.527306,DESKTOP-SDN3ES6,KYS_AI.cmsd\KYS_AI_00681,0,
682,LatinHyperCube,Complete,NormalTermination,Training,Auto,FALSE,TRUE,0,9.72E-06,453.53535,920.20202,651.51515,1203.0303,708.08081,722.22222,0.11212121,10595.96,0.21818182,0,0,22489.832,22403.711,25,89.674767,DESKTOP-SDN3ES6,KYS_AI.cmsd\KYS_AI_00682,0,
683,LatinHyperCube,Complete,NormalTermination,Training,Auto,FALSE,TRUE,0,6.54E-06,467.67677,1174.7475,1019.1919,566.66667,156.56566,1358.5859,0.23030303,9888.8889,0.18787879,0,0,22508.633,22422.463,25,89.701691,DESKTOP-SDN3ES6,KYS_AI.cmsd\KYS_AI_00683,0,
684,LatinHyperCube,Complete,NormalTermination,Training,Auto,FALSE,TRUE,0,5.76E-06,934.34343,213.13131,269.69697,651.51515,849.49495,1302.0202,0.26969697,10797.98,0.18787879,0,0,22596.545,22518.514,25,89.169838,DESKTOP-SDN3ES6,KYS_AI.cmsd\KYS_AI_00684,0,
685,LatinHyperCube,Complete,NormalTermination,Training,Auto,FALSE,TRUE,0,7.88E-06,198.9899,1188.8889,1047.4747,382.82828,1386.8687,1061.6162,0.26363636,10090.909,0.15757576,0,0,22457.82,22371.852,25,88.918312,DESKTOP-SDN3ES6,KYS_AI.cmsd\KYS_AI_00685,0,
686,LatinHyperCube,Complete,NormalTermination,Training,Auto,FALSE,TRUE,0,4.91E-06,269.69697,368.68687,354.54545,792.92929,821.21212,566.66667,0.22727273,5343.4343,0.29393939,0,0,22661.416,22585.936,25,87.65139,DESKTOP-SDN3ES6,KYS_AI.cmsd\KYS_AI_00686,0,
687,LatinHyperCube,Complete,NormalTermination,Training,Auto,FALSE,TRUE,0,7.17E-06,184.84848,920.20202,297.9798,679.79798,764.64646,114.14141,0.23636364,7969.697,0.12121212,0,0,22483.787,22401.217,25,90.665726,DESKTOP-SDN3ES6,KYS_AI.cmsd\KYS_AI_00687,0,
688,LatinHyperCube,Complete,NormalTermination,Training,Auto,FALSE,TRUE,0,9.08E-06,1245.4545,835.35354,792.92929,1075.7576,764.64646,255.55556,0.27272727,1101.0101,0.19393939,0,0,22529.865,22441.68,25,90.500595,DESKTOP-SDN3ES6,KYS_AI.cmsd\KYS_AI_00688,0,
689,LatinHyperCube,Complete,NormalTermination,Training,Auto,FALSE,TRUE,0,3.07E-06,1485.8586,255.55556,1047.4747,368.68687,1471.7172,1217.1717,0.16363636,9989.899,0.27272727,0,0,23338.578,23252.342,25,88.258957,DESKTOP-SDN3ES6,KYS_AI.cmsd\KYS_AI_00689,0,
690,LatinHyperCube,Complete,NormalTermination,Training,Auto,FALSE,TRUE,0,7.60E-06,1259.596,1188.8889,1485.8586,1118.1818,906.06061,312.12121,0.23636364,10797.98,0.13939394,0,0,22567.566,22482.01,25,89.490356,DESKTOP-SDN3ES6,KYS_AI.cmsd\KYS_AI_00690,0,
691,LatinHyperCube,Complete,NormalTermination,Training,Auto,FALSE,TRUE,0,5.55E-06,439.39394,1047.4747,312.12121,396.9697,594.94949,623.23232,0.36363636,2010.101,0.11515152,0,0,22577.547,22493.738,25,92.593903,DESKTOP-SDN3ES6,KYS_AI.cmsd\KYS_AI_00691,0,
692,LatinHyperCube,Complete,NormalTermination,Training,Auto,FALSE,TRUE,0,5.76E-06,213.13131,778.78788,1401.0101,510.10101,128.28283,665.65657,0.11818182,2717.1717,0.17878788,0,0,22453.57,22368.066,25,87.324585,DESKTOP-SDN3ES6,KYS_AI.cmsd\KYS_AI_00692,0,
693,LatinHyperCube,Complete,NormalTermination,Training,Auto,FALSE,TRUE,0,9.08E-06,1485.8586,198.9899,1316.1616,524.24242,312.12121,1415.1515,0.30909091,7868.6869,0.33030303,0,0,22634.059,22549.455,25,87.73452,DESKTOP-SDN3ES6,KYS_AI.cmsd\KYS_AI_00693,0,
694,LatinHyperCube,Complete,NormalTermination,Training,Auto,FALSE,TRUE,0,6.46E-06,877.77778,948.48485,1415.1515,170.70707,1061.6162,764.64646,0.16969697,3424.2424,0.2030303,0,0,22721.965,22636.148,25,89.132103,DESKTOP-SDN3ES6,KYS_AI.cmsd\KYS_AI_00694,0,
695,LatinHyperCube,Complete,NormalTermination,Training,Auto,FALSE,TRUE,0,7.24E-06,1372.7273,948.48485,849.49495,142.42424,609.09091,1188.8889,0.26969697,6555.5556,0.1969697,0,0,22756.342,22669.516,25,90.290001,DESKTOP-SDN3ES6,KYS_AI.cmsd\KYS_AI_00695,0,
696,LatinHyperCube,Complete,NormalTermination,Training,Auto,FALSE,TRUE,0,7.38E-06,170.70707,1047.4747,609.09091,708.08081,467.67677,100,0.10606061,9282.8283,0.19090909,0,0,22349.801,22265.756,25,90.205963,DESKTOP-SDN3ES6,KYS_AI.cmsd\KYS_AI_00696,0,
697,LatinHyperCube,Complete,NormalTermination,Training,Auto,FALSE,TRUE,0,3.78E-06,1358.5859,651.51515,623.23232,976.76768,920.20202,411.11111,0.27575758,9989.899,0.18787879,0,0,22612.324,22524.186,25,91.142105,DESKTOP-SDN3ES6,KYS_AI.cmsd\KYS_AI_00697,0,
698,LatinHyperCube,Complete,NormalTermination,Training,Auto,FALSE,TRUE,0,9.01E-06,481.81818,1316.1616,100,1415.1515,736.36364,1302.0202,0.26060606,1101.0101,0.27272727,0,0,22093.65,22013.844,25,89.763313,DESKTOP-SDN3ES6,KYS_AI.cmsd\KYS_AI_00698,0,
699,LatinHyperCube,Complete,NormalTermination,Training,Auto,FALSE,TRUE,0,8.66E-06,495.9596,1047.4747,835.35354,1203.0303,495.9596,1429.2929,0.3969697,2111.1111,0.19090909,0,0,22420.002,22333.172,25,89.603279,DESKTOP-SDN3ES6,KYS_AI.cmsd\KYS_AI_00699,0,
700,LatinHyperCube,Complete,NormalTermination,Training,Auto,FALSE,TRUE,0,4.41E-06,1386.8687,891.91919,1259.596,835.35354,297.9798,580.80808,0.10606061,8373.7374,0.14848485,0,0,23096.553,23011.027,25,89.56369,DESKTOP-SDN3ES6,KYS_AI.cmsd\KYS_AI_00700,0,
701,LatinHyperCube,Complete,NormalTermination,Training,Auto,FALSE,TRUE,0,8.23E-06,1132.3232,1273.7374,1075.7576,778.78788,170.70707,1132.3232,0.33030303,5848.4848,0.34242424,0,0,22486.391,22400.402,25,89.968559,DESKTOP-SDN3ES6,KYS_AI.cmsd\KYS_AI_00701,0,
702,LatinHyperCube,Complete,NormalTermination,Training,Auto,FALSE,TRUE,0,9.22E-06,609.09091,255.55556,1061.6162,1245.4545,439.39394,849.49495,0.35454545,2616.1616,0.13636364,0,0,22657.746,22571.26,25,86.909592,DESKTOP-SDN3ES6,KYS_AI.cmsd\KYS_AI_00702,0,
703,LatinHyperCube,Complete,NormalTermination,Training,Auto,FALSE,TRUE,0,3.71E-06,326.26263,255.55556,198.9899,1217.1717,778.78788,1485.8586,0.1030303,4333.3333,0.31818182,0,0,22747.449,22668.65,25,84.846001,DESKTOP-SDN3ES6,KYS_AI.cmsd\KYS_AI_00703,0,
704,LatinHyperCube,Complete,NormalTermination,Training,Auto,FALSE,TRUE,0,4.84E-06,453.53535,170.70707,184.84848,778.78788,990.90909,764.64646,0.18484848,2313.1313,0.25757576,0,0,22737.961,22662.617,25,86.319122,DESKTOP-SDN3ES6,KYS_AI.cmsd\KYS_AI_00704,0,
705,LatinHyperCube,Complete,NormalTermination,Training,Auto,FALSE,TRUE,0,7.88E-06,368.68687,1316.1616,184.84848,637.37374,1485.8586,170.70707,0.28181818,4434.3434,0.13333333,0,0,22276.365,22196.229,25,92.308533,DESKTOP-SDN3ES6,KYS_AI.cmsd\KYS_AI_00705,0,
706,LatinHyperCube,Complete,NormalTermination,Training,Auto,FALSE,TRUE,0,5.26E-06,594.94949,609.09091,722.22222,1471.7172,396.9697,326.26263,0.18787879,3626.2626,0.17272727,0,0,22624.396,22537.867,25,88.880196,DESKTOP-SDN3ES6,KYS_AI.cmsd\KYS_AI_00706,0,
707,LatinHyperCube,Complete,NormalTermination,Training,Auto,FALSE,TRUE,0,8.80E-06,142.42424,312.12121,609.09091,764.64646,227.27273,623.23232,0.34848485,3121.2121,0.39393939,0,0,22501.047,22428.047,25,86.852341,DESKTOP-SDN3ES6,KYS_AI.cmsd\KYS_AI_00707,0,
708,LatinHyperCube,Complete,NormalTermination,Training,Auto,FALSE,TRUE,0,6.18E-06,481.81818,1443.4343,1401.0101,297.9798,156.56566,227.27273,0.14242424,7969.697,0.14848485,0,0,22443.174,22357.629,25,89.846756,DESKTOP-SDN3ES6,KYS_AI.cmsd\KYS_AI_00708,0,
709,LatinHyperCube,Complete,NormalTermination,Training,Auto,FALSE,TRUE,0,9.79E-06,863.63636,976.76768,1089.899,552.52525,1075.7576,312.12121,0.34848485,10292.929,0.33030303,0,0,22518.398,22432.857,25,90.543221,DESKTOP-SDN3ES6,KYS_AI.cmsd\KYS_AI_00709,0,
710,LatinHyperCube,Complete,NormalTermination,Training,Auto,FALSE,TRUE,0,4.84E-06,411.11111,1033.3333,1330.303,1132.3232,114.14141,368.68687,0.24848485,7767.6768,0.12424242,0,0,22282.385,22196.604,25,88.801125,DESKTOP-SDN3ES6,KYS_AI.cmsd\KYS_AI_00710,0,
711,LatinHyperCube,Complete,NormalTermination,Training,Auto,FALSE,TRUE,0,8.66E-06,1132.3232,227.27273,411.11111,1273.7374,213.13131,156.56566,0.30909091,6252.5253,0.30909091,0,0,22488.877,22411.604,25,87.782516,DESKTOP-SDN3ES6,KYS_AI.cmsd\KYS_AI_00711,0,
712,LatinHyperCube,Complete,NormalTermination,Training,Auto,FALSE,TRUE,0,7.95E-06,1118.1818,906.06061,1330.303,1005.0505,142.42424,340.40404,0.35757576,9686.8687,0.26363636,0,0,22553.549,22467.164,25,89.271233,DESKTOP-SDN3ES6,KYS_AI.cmsd\KYS_AI_00712,0,
713,LatinHyperCube,Complete,NormalTermination,Training,Auto,FALSE,TRUE,0,8.59E-06,1104.0404,1203.0303,976.76768,821.21212,778.78788,821.21212,0.22424242,5040.404,0.22424242,0,0,22546.168,22458.484,25,89.703934,DESKTOP-SDN3ES6,KYS_AI.cmsd\KYS_AI_00713,0,
714,LatinHyperCube,Complete,NormalTermination,Training,Auto,FALSE,TRUE,0,9.65E-06,255.55556,538.38384,1287.8788,283.83838,1089.899,1471.7172,0.15151515,5343.4343,0.25454545,0,0,22606.609,22520.652,25,85.755798,DESKTOP-SDN3ES6,KYS_AI.cmsd\KYS_AI_00714,0,
715,LatinHyperCube,Complete,NormalTermination,Training,Auto,FALSE,TRUE,0,9.43E-06,990.90909,1104.0404,411.11111,1160.6061,114.14141,792.92929,0.30606061,6454.5455,0.36363636,0,0,22356.66,22278.594,25,91.195084,DESKTOP-SDN3ES6,KYS_AI.cmsd\KYS_AI_00715,0,
716,LatinHyperCube,Complete,NormalTermination,Training,Auto,FALSE,TRUE,0,8.73E-06,128.28283,552.52525,1118.1818,510.10101,312.12121,255.55556,0.21515152,10494.949,0.1,0,0,22575.09,22489.738,25,86.674675,DESKTOP-SDN3ES6,KYS_AI.cmsd\KYS_AI_00716,0,
717,LatinHyperCube,Complete,AbnormalTermination,Training,Auto,FALSE,FALSE,0,6.46E-06,312.12121,821.21212,976.76768,467.67677,368.68687,623.23232,0.10606061,3727.2727,0.23636364,,,,,,,DESKTOP-SDN3ES6,KYS_AI.cmsd\KYS_AI_00717,0,
718,LatinHyperCube,Complete,NormalTermination,Training,Auto,FALSE,TRUE,0,6.54E-06,340.40404,580.80808,255.55556,1457.5758,1061.6162,184.84848,0.22121212,9484.8485,0.22424242,0,0,22525.254,22444.943,25,87.155205,DESKTOP-SDN3ES6,KYS_AI.cmsd\KYS_AI_00718,0,
719,LatinHyperCube,Complete,NormalTermination,Training,Auto,FALSE,TRUE,0,5.33E-06,948.48485,609.09091,227.27273,156.56566,481.81818,877.77778,0.31515152,2414.1414,0.39393939,0,0,22453.674,22388.531,25,93.141762,DESKTOP-SDN3ES6,KYS_AI.cmsd\KYS_AI_00719,0,
720,LatinHyperCube,Complete,NormalTermination,Training,Auto,FALSE,TRUE,0,8.66E-06,1132.3232,1471.7172,1160.6061,1118.1818,1118.1818,524.24242,0.2,7868.6869,0.23939394,0,0,22482.756,22395.793,25,89.667976,DESKTOP-SDN3ES6,KYS_AI.cmsd\KYS_AI_00720,0,
721,LatinHyperCube,Complete,NormalTermination,Training,Auto,FALSE,TRUE,0,8.87E-06,495.9596,665.65657,792.92929,990.90909,1457.5758,1231.3131,0.20606061,8676.7677,0.17575758,0,0,22583.709,22496.52,25,89.119385,DESKTOP-SDN3ES6,KYS_AI.cmsd\KYS_AI_00721,0,
722,LatinHyperCube,Complete,NormalTermination,Training,Auto,FALSE,TRUE,0,3.49E-06,1104.0404,312.12121,227.27273,877.77778,849.49495,1118.1818,0.28787879,8676.7677,0.1030303,0,0,22415.871,22330.309,25,89.286461,DESKTOP-SDN3ES6,KYS_AI.cmsd\KYS_AI_00722,0,
723,LatinHyperCube,Complete,NormalTermination,Training,Auto,FALSE,TRUE,0,4.13E-06,198.9899,1500,1245.4545,722.22222,411.11111,722.22222,0.23939394,3323.2323,0.24848485,0,0,22136.682,22051.109,25,88.98259,DESKTOP-SDN3ES6,KYS_AI.cmsd\KYS_AI_00723,0,
724,LatinHyperCube,Complete,AbnormalTermination,Training,Auto,FALSE,FALSE,0,3.71E-06,623.23232,114.14141,1330.303,524.24242,1033.3333,651.51515,0.2030303,2818.1818,0.22727273,,,,,,,DESKTOP-SDN3ES6,KYS_AI.cmsd\KYS_AI_00724,0,
725,LatinHyperCube,Complete,NormalTermination,Training,Auto,FALSE,TRUE,0,4.20E-06,877.77778,594.94949,821.21212,425.25253,609.09091,1443.4343,0.1969697,5242.4242,0.1969697,0,0,22995.277,22908.236,25,89.328903,DESKTOP-SDN3ES6,KYS_AI.cmsd\KYS_AI_00725,0,
726,LatinHyperCube,Complete,NormalTermination,Training,Auto,FALSE,TRUE,0,3.64E-06,1174.7475,269.69697,1415.1515,948.48485,1160.6061,354.54545,0.10606061,3424.2424,0.27878788,0,0,23132.158,23046.041,25,87.950394,DESKTOP-SDN3ES6,KYS_AI.cmsd\KYS_AI_00726,0,
727,LatinHyperCube,Complete,NormalTermination,Training,Auto,FALSE,TRUE,0,9.72E-06,1217.1717,467.67677,1302.0202,1344.4444,354.54545,1089.899,0.27575758,9585.8586,0.15757576,0,0,22637.383,22551.352,25,88.562263,DESKTOP-SDN3ES6,KYS_AI.cmsd\KYS_AI_00727,0,
728,LatinHyperCube,Complete,NormalTermination,Training,Auto,FALSE,TRUE,0,6.75E-06,665.65657,821.21212,439.39394,609.09091,976.76768,1485.8586,0.35151515,6555.5556,0.3969697,0,0,22484.523,22408.275,25,90.74939,DESKTOP-SDN3ES6,KYS_AI.cmsd\KYS_AI_00728,0,
729,LatinHyperCube,Complete,NormalTermination,Training,Auto,FALSE,TRUE,0,9.36E-06,906.06061,594.94949,198.9899,623.23232,312.12121,1457.5758,0.35454545,7666.6667,0.27575758,0,0,22319.277,22244.541,25,91.353645,DESKTOP-SDN3ES6,KYS_AI.cmsd\KYS_AI_00729,0,
730,LatinHyperCube,Complete,NormalTermination,Training,Auto,FALSE,TRUE,0,4.70E-06,1231.3131,1146.4646,580.80808,1273.7374,891.91919,382.82828,0.28484848,3626.2626,0.19393939,0,0,22354.941,22267.047,25,91.471848,DESKTOP-SDN3ES6,KYS_AI.cmsd\KYS_AI_00730,0,
731,LatinHyperCube,Complete,NormalTermination,Training,Auto,FALSE,TRUE,0,8.16E-06,609.09091,1089.899,269.69697,849.49495,354.54545,283.83838,0.24848485,2111.1111,0.1030303,0,0,22343.92,22259.904,25,91.653358,DESKTOP-SDN3ES6,KYS_AI.cmsd\KYS_AI_00731,0,
732,LatinHyperCube,Complete,NormalTermination,Training,Auto,FALSE,TRUE,0,4.91E-06,1415.1515,1273.7374,1372.7273,1344.4444,1231.3131,510.10101,0.1030303,10191.919,0.12424242,0,0,22715.969,22630.217,25,89.705162,DESKTOP-SDN3ES6,KYS_AI.cmsd\KYS_AI_00732,0,
733,LatinHyperCube,Complete,NormalTermination,Training,Auto,FALSE,TRUE,0,9.58E-06,990.90909,439.39394,1174.7475,962.62626,495.9596,637.37374,0.31515152,8878.7879,0.21212121,0,0,22615.498,22529.18,25,88.301605,DESKTOP-SDN3ES6,KYS_AI.cmsd\KYS_AI_00733,0,
734,LatinHyperCube,Complete,NormalTermination,Training,Auto,FALSE,TRUE,0,6.68E-06,297.9798,835.35354,453.53535,623.23232,1245.4545,1061.6162,0.23030303,8979.798,0.21212121,0,0,22558.756,22477.984,25,90.73938,DESKTOP-SDN3ES6,KYS_AI.cmsd\KYS_AI_00734,0,
735,LatinHyperCube,Complete,NormalTermination,Training,Auto,FALSE,TRUE,0,8.73E-06,100,849.49495,156.56566,1429.2929,283.83838,495.9596,0.2,5444.4444,0.35757576,0,0,22279.531,22200.428,25,87.395538,DESKTOP-SDN3ES6,KYS_AI.cmsd\KYS_AI_00735,0,
736,LatinHyperCube,Complete,NormalTermination,Training,Auto,FALSE,TRUE,0,9.22E-06,1471.7172,538.38384,425.25253,566.66667,722.22222,934.34343,0.25757576,10090.909,0.33636364,0,0,22486.566,22410.316,25,91.802765,DESKTOP-SDN3ES6,KYS_AI.cmsd\KYS_AI_00736,0,
737,LatinHyperCube,Complete,NormalTermination,Training,Auto,FALSE,TRUE,0,8.09E-06,439.39394,665.65657,1203.0303,255.55556,425.25253,906.06061,0.16363636,9989.899,0.25151515,0,0,22653.24,22567.168,25,87.94146,DESKTOP-SDN3ES6,KYS_AI.cmsd\KYS_AI_00737,0,
738,LatinHyperCube,Complete,NormalTermination,Training,Auto,FALSE,TRUE,0,3.64E-06,382.82828,283.83838,877.77778,1118.1818,1485.8586,1118.1818,0.26363636,9989.899,0.15151515,0,0,22987.316,22900.344,25,86.700279,DESKTOP-SDN3ES6,KYS_AI.cmsd\KYS_AI_00738,0,
739,LatinHyperCube,Complete,NormalTermination,Training,Auto,FALSE,TRUE,0,7.24E-06,297.9798,1386.8687,891.91919,354.54545,1415.1515,1344.4444,0.27272727,8878.7879,0.2,0,0,22496.914,22410.078,25,89.770378,DESKTOP-SDN3ES6,KYS_AI.cmsd\KYS_AI_00739,0,
740,LatinHyperCube,Complete,NormalTermination,Training,Auto,FALSE,TRUE,0,9.93E-06,863.63636,708.08081,891.91919,665.65657,1273.7374,1146.4646,0.15454545,5646.4646,0.29090909,0,0,22604.135,22518.502,25,89.110992,DESKTOP-SDN3ES6,KYS_AI.cmsd\KYS_AI_00740,0,
741,LatinHyperCube,Complete,NormalTermination,Training,Auto,FALSE,TRUE,0,7.67E-06,976.76768,722.22222,722.22222,920.20202,920.20202,665.65657,0.15757576,7363.6364,0.15454545,0,0,22683.604,22596.203,25,90.647079,DESKTOP-SDN3ES6,KYS_AI.cmsd\KYS_AI_00741,0,
742,LatinHyperCube,Complete,NormalTermination,Training,Auto,FALSE,TRUE,0,6.89E-06,156.56566,312.12121,283.83838,736.36364,1217.1717,114.14141,0.16060606,5444.4444,0.12727273,0,0,22859.334,22780.707,25,87.004044,DESKTOP-SDN3ES6,KYS_AI.cmsd\KYS_AI_00742,0,
743,LatinHyperCube,Complete,NormalTermination,Training,Auto,FALSE,TRUE,0,6.96E-06,453.53535,764.64646,1104.0404,184.84848,510.10101,906.06061,0.26363636,8777.7778,0.12727273,0,0,22762.738,22676.977,25,88.774879,DESKTOP-SDN3ES6,KYS_AI.cmsd\KYS_AI_00743,0,
744,LatinHyperCube,Complete,NormalTermination,Training,Auto,FALSE,TRUE,0,9.29E-06,1443.4343,877.77778,142.42424,1386.8687,453.53535,411.11111,0.35151515,9181.8182,0.35151515,0,0,22046.025,21966.596,25,89.959366,DESKTOP-SDN3ES6,KYS_AI.cmsd\KYS_AI_00744,0,
745,LatinHyperCube,Complete,NormalTermination,Training,Auto,FALSE,TRUE,0,8.44E-06,1160.6061,340.40404,213.13131,1061.6162,1273.7374,665.65657,0.3,2212.1212,0.23333333,0,0,22321.678,22242.391,25,88.824608,DESKTOP-SDN3ES6,KYS_AI.cmsd\KYS_AI_00745,0,
746,LatinHyperCube,Complete,NormalTermination,Training,Auto,FALSE,TRUE,0,9.22E-06,142.42424,566.66667,1500,835.35354,283.83838,538.38384,0.37272727,5242.4242,0.24545455,0,0,22472.205,22386.877,25,85.107407,DESKTOP-SDN3ES6,KYS_AI.cmsd\KYS_AI_00746,0,
747,LatinHyperCube,Complete,NormalTermination,Training,Auto,FALSE,TRUE,0,4.70E-06,1415.1515,425.25253,481.81818,750.50505,184.84848,976.76768,0.3030303,4434.3434,0.3030303,0,0,22518.191,22440.318,25,90.683319,DESKTOP-SDN3ES6,KYS_AI.cmsd\KYS_AI_00747,0,
748,LatinHyperCube,Complete,NormalTermination,Training,Auto,FALSE,TRUE,0,8.30E-06,1174.7475,792.92929,100,906.06061,920.20202,1132.3232,0.27575758,10292.929,0.10606061,0,0,21809.486,21727.496,25,90.666428,DESKTOP-SDN3ES6,KYS_AI.cmsd\KYS_AI_00748,0,
749,LatinHyperCube,Complete,NormalTermination,Training,Auto,FALSE,TRUE,0,8.16E-06,552.52525,651.51515,1273.7374,1118.1818,382.82828,213.13131,0.37272727,1101.0101,0.14848485,0,0,22532.941,22446.854,25,87.715393,DESKTOP-SDN3ES6,KYS_AI.cmsd\KYS_AI_00749,0,
750,LatinHyperCube,Complete,NormalTermination,Training,Auto,FALSE,TRUE,0,5.62E-06,510.10101,269.69697,679.79798,1061.6162,1160.6061,114.14141,0.12424242,10393.939,0.22727273,0,0,22898.023,22815.037,25,86.894104,DESKTOP-SDN3ES6,KYS_AI.cmsd\KYS_AI_00750,0,
751,LatinHyperCube,Complete,NormalTermination,Training,Auto,FALSE,TRUE,0,4.84E-06,1273.7374,1245.4545,877.77778,637.37374,566.66667,1203.0303,0.13333333,1303.0303,0.25151515,0,0,22742.729,22654.748,25,90.389435,DESKTOP-SDN3ES6,KYS_AI.cmsd\KYS_AI_00751,0,
752,LatinHyperCube,Complete,NormalTermination,Training,Auto,FALSE,TRUE,0,6.39E-06,1047.4747,1160.6061,368.68687,651.51515,1401.0101,637.37374,0.25757576,9383.8384,0.16666667,0,0,22401.072,22316.6,25,92.65889,DESKTOP-SDN3ES6,KYS_AI.cmsd\KYS_AI_00752,0,
753,LatinHyperCube,Complete,NormalTermination,Training,Auto,FALSE,TRUE,0,5.55E-06,100,1429.2929,580.80808,693.93939,184.84848,1047.4747,0.13030303,6050.5051,0.28787879,0,0,21896.279,21813.535,25,90.453453,DESKTOP-SDN3ES6,KYS_AI.cmsd\KYS_AI_00753,0,
754,LatinHyperCube,Complete,NormalTermination,Training,Auto,FALSE,TRUE,0,4.06E-06,637.37374,552.52525,1075.7576,1358.5859,1471.7172,990.90909,0.1030303,3222.2222,0.4,0,0,22574.525,22489.061,25,88.295525,DESKTOP-SDN3ES6,KYS_AI.cmsd\KYS_AI_00754,0,
755,LatinHyperCube,Complete,NormalTermination,Training,Auto,FALSE,TRUE,0,5.26E-06,114.14141,1118.1818,637.37374,382.82828,156.56566,1019.1919,0.28484848,4434.3434,0.30606061,0,0,22293.75,22213.451,25,89.605247,DESKTOP-SDN3ES6,KYS_AI.cmsd\KYS_AI_00755,0,
756,LatinHyperCube,Complete,NormalTermination,Training,Auto,FALSE,TRUE,0,9.51E-06,637.37374,184.84848,807.07071,1443.4343,1075.7576,750.50505,0.19393939,7060.6061,0.36060606,0,0,22616.018,22534.141,25,86.214035,DESKTOP-SDN3ES6,KYS_AI.cmsd\KYS_AI_00756,0,
757,LatinHyperCube,Complete,NormalTermination,Training,Auto,FALSE,TRUE,0,8.80E-06,849.49495,1316.1616,354.54545,227.27273,1019.1919,128.28283,0.35151515,4434.3434,0.23333333,0,0,22484.533,22410.287,25,92.782036,DESKTOP-SDN3ES6,KYS_AI.cmsd\KYS_AI_00757,0,
758,LatinHyperCube,Complete,NormalTermination,Training,Auto,FALSE,TRUE,0,7.81E-06,510.10101,354.54545,679.79798,934.34343,877.77778,510.10101,0.16969697,8373.7374,0.29393939,0,0,22662.832,22581.82,25,88.534042,DESKTOP-SDN3ES6,KYS_AI.cmsd\KYS_AI_00758,0,
759,LatinHyperCube,Complete,AbnormalTermination,Training,Auto,FALSE,FALSE,0,9.15E-06,906.06061,1273.7374,396.9697,1415.1515,792.92929,821.21212,0.32727273,5646.4646,0.34545455,,,,,,,DESKTOP-SDN3ES6,KYS_AI.cmsd\KYS_AI_00759,0,
760,LatinHyperCube,Complete,NormalTermination,Training,Auto,FALSE,TRUE,0,5.83E-06,891.91919,580.80808,1231.3131,297.9798,863.63636,1358.5859,0.1969697,2212.1212,0.38484848,0,0,22668.939,22586.184,25,88.155846,DESKTOP-SDN3ES6,KYS_AI.cmsd\KYS_AI_00760,0,
761,LatinHyperCube,Complete,NormalTermination,Training,Auto,FALSE,TRUE,0,4.34E-06,255.55556,1471.7172,1188.8889,1047.4747,1019.1919,863.63636,0.29090909,3525.2525,0.32727273,0,0,22106.701,22019.893,25,89.616852,DESKTOP-SDN3ES6,KYS_AI.cmsd\KYS_AI_00761,0,
762,LatinHyperCube,Complete,NormalTermination,Training,Auto,FALSE,TRUE,0,3.57E-06,368.68687,1047.4747,1259.596,368.68687,1132.3232,609.09091,0.15151515,6454.5455,0.35151515,0,0,22544.377,22459.607,25,88.494911,DESKTOP-SDN3ES6,KYS_AI.cmsd\KYS_AI_00762,0,
763,LatinHyperCube,Complete,NormalTermination,Training,Auto,FALSE,TRUE,0,8.94E-06,283.83838,495.9596,1217.1717,1075.7576,354.54545,1245.4545,0.31212121,4131.3131,0.16363636,0,0,22564.443,22478.031,25,86.070091,DESKTOP-SDN3ES6,KYS_AI.cmsd\KYS_AI_00763,0,
764,LatinHyperCube,Complete,AbnormalTermination,Training,Auto,FALSE,FALSE,0,6.61E-06,354.54545,1358.5859,1330.303,100,906.06061,1415.1515,0.16363636,3525.2525,0.37575758,,,,,,,DESKTOP-SDN3ES6,KYS_AI.cmsd\KYS_AI_00764,0,
765,LatinHyperCube,Complete,NormalTermination,Training,Auto,FALSE,TRUE,0,8.37E-06,1005.0505,1203.0303,990.90909,1386.8687,1075.7576,269.69697,0.21515152,4131.3131,0.37575758,0,0,22444.961,22359.885,25,89.582932,DESKTOP-SDN3ES6,KYS_AI.cmsd\KYS_AI_00765,0,
766,LatinHyperCube,Complete,NormalTermination,Training,Auto,FALSE,TRUE,0,7.60E-06,976.76768,1273.7374,708.08081,1033.3333,934.34343,156.56566,0.3,1909.0909,0.18484848,0,0,22450.588,22363.527,25,90.873299,DESKTOP-SDN3ES6,KYS_AI.cmsd\KYS_AI_00766,0,
767,LatinHyperCube,Complete,NormalTermination,Training,Auto,FALSE,TRUE,0,9.36E-06,467.67677,100,1160.6061,736.36364,1302.0202,198.9899,0.31818182,7666.6667,0.32121212,0,0,22642.965,22565.354,25,85.039841,DESKTOP-SDN3ES6,KYS_AI.cmsd\KYS_AI_00767,0,
768,LatinHyperCube,Complete,NormalTermination,Training,Auto,FALSE,TRUE,0,3.92E-06,1160.6061,524.24242,1160.6061,1273.7374,340.40404,1316.1616,0.27878788,8272.7273,0.32121212,0,0,22684.938,22597.455,25,88.676445,DESKTOP-SDN3ES6,KYS_AI.cmsd\KYS_AI_00768,0,
769,LatinHyperCube,Complete,NormalTermination,Training,Auto,FALSE,TRUE,0,4.13E-06,566.66667,623.23232,481.81818,1273.7374,693.93939,439.39394,0.18181818,5141.4141,0.36666667,0,0,22488.02,22408.789,25,88.994255,DESKTOP-SDN3ES6,KYS_AI.cmsd\KYS_AI_00769,0,
770,LatinHyperCube,Complete,NormalTermination,Training,Auto,FALSE,TRUE,0,6.04E-06,637.37374,1500,1316.1616,297.9798,481.81818,340.40404,0.24242424,2212.1212,0.12727273,0,0,22601.592,22515.926,25,89.859215,DESKTOP-SDN3ES6,KYS_AI.cmsd\KYS_AI_00770,0,
771,LatinHyperCube,Complete,NormalTermination,Training,Auto,FALSE,TRUE,0,5.47E-06,142.42424,326.26263,594.94949,566.66667,1118.1818,227.27273,0.23333333,6656.5657,0.16060606,0,0,22772.643,22688.576,25,86.964828,DESKTOP-SDN3ES6,KYS_AI.cmsd\KYS_AI_00771,0,
772,LatinHyperCube,Complete,NormalTermination,Training,Auto,FALSE,TRUE,0,7.03E-06,283.83838,170.70707,778.78788,580.80808,708.08081,708.08081,0.18181818,10595.96,0.23636364,0,0,22829.973,22750.051,25,86.090782,DESKTOP-SDN3ES6,KYS_AI.cmsd\KYS_AI_00772,0,
773,LatinHyperCube,Complete,NormalTermination,Training,Auto,FALSE,TRUE,0,6.39E-06,1344.4444,552.52525,778.78788,368.68687,1203.0303,1386.8687,0.38787879,4535.3535,0.13333333,0,0,22767.129,22680.611,25,90.102249,DESKTOP-SDN3ES6,KYS_AI.cmsd\KYS_AI_00773,0,
774,LatinHyperCube,Complete,NormalTermination,Training,Auto,FALSE,TRUE,0,5.12E-06,623.23232,736.36364,594.94949,920.20202,792.92929,396.9697,0.15757576,7363.6364,0.38484848,0,0,22549.525,22471.129,25,89.655792,DESKTOP-SDN3ES6,KYS_AI.cmsd\KYS_AI_00774,0,
775,LatinHyperCube,Complete,NormalTermination,Training,Auto,FALSE,TRUE,0,6.61E-06,340.40404,1019.1919,1287.8788,764.64646,1358.5859,396.9697,0.17575758,1606.0606,0.13939394,0,0,22353.268,22266.891,25,88.556435,DESKTOP-SDN3ES6,KYS_AI.cmsd\KYS_AI_00775,0,
776,LatinHyperCube,Complete,NormalTermination,Training,Auto,FALSE,TRUE,0,5.76E-06,821.21212,283.83838,439.39394,1019.1919,623.23232,1358.5859,0.17878788,10393.939,0.30606061,0,0,22713.396,22634.453,25,88.545822,DESKTOP-SDN3ES6,KYS_AI.cmsd\KYS_AI_00776,0,
777,LatinHyperCube,Complete,NormalTermination,Training,Auto,FALSE,TRUE,0,1.00E-05,849.49495,566.66667,510.10101,1302.0202,1033.3333,906.06061,0.30909091,4636.3636,0.33333333,0,0,22454.209,22373.443,25,89.85257,DESKTOP-SDN3ES6,KYS_AI.cmsd\KYS_AI_00777,0,
778,LatinHyperCube,Complete,NormalTermination,Training,Auto,FALSE,TRUE,0,8.09E-06,1316.1616,835.35354,764.64646,976.76768,1047.4747,990.90909,0.15454545,3828.2828,0.3969697,0,0,22498.605,22414.564,25,90.282387,DESKTOP-SDN3ES6,KYS_AI.cmsd\KYS_AI_00778,0,
779,LatinHyperCube,Complete,NormalTermination,Training,Auto,FALSE,TRUE,0,4.77E-06,495.9596,722.22222,1118.1818,1047.4747,198.9899,1287.8788,0.31212121,4030.303,0.31212121,0,0,22529.748,22444.268,25,87.970558,DESKTOP-SDN3ES6,KYS_AI.cmsd\KYS_AI_00779,0,
780,LatinHyperCube,Complete,NormalTermination,Training,Auto,FALSE,TRUE,0,5.90E-06,241.41414,142.42424,213.13131,962.62626,609.09091,1471.7172,0.2,9484.8485,0.23939394,0,0,22818.24,22741.602,25,83.929489,DESKTOP-SDN3ES6,KYS_AI.cmsd\KYS_AI_00780,0,
781,LatinHyperCube,Complete,NormalTermination,Training,Auto,FALSE,TRUE,0,3.14E-06,1386.8687,213.13131,1259.596,764.64646,1372.7273,227.27273,0.16060606,8171.7172,0.37878788,0,0,23001.447,22918.08,25,88.037331,DESKTOP-SDN3ES6,KYS_AI.cmsd\KYS_AI_00781,0,
782,LatinHyperCube,Complete,NormalTermination,Training,Auto,FALSE,TRUE,0,7.31E-06,1330.303,467.67677,990.90909,863.63636,340.40404,934.34343,0.39393939,3727.2727,0.35454545,0,0,22570.398,22486.98,25,88.652527,DESKTOP-SDN3ES6,KYS_AI.cmsd\KYS_AI_00782,0,
783,LatinHyperCube,Complete,NormalTermination,Training,Auto,FALSE,TRUE,0,4.84E-06,920.20202,1485.8586,425.25253,1019.1919,396.9697,877.77778,0.17878788,4030.303,0.39090909,0,0,22227.537,22148.381,25,91.420708,DESKTOP-SDN3ES6,KYS_AI.cmsd\KYS_AI_00783,0,
784,LatinHyperCube,Complete,NormalTermination,Training,Auto,FALSE,TRUE,0,3.14E-06,1118.1818,722.22222,368.68687,1485.8586,1415.1515,594.94949,0.33333333,1303.0303,0.38787879,0,0,22228.062,22147.758,25,89.567566,DESKTOP-SDN3ES6,KYS_AI.cmsd\KYS_AI_00784,0,
785,LatinHyperCube,Complete,NormalTermination,Training,Auto,FALSE,TRUE,0,3.00E-06,1061.6162,467.67677,453.53535,241.41414,439.39394,227.27273,0.22121212,4030.303,0.21515152,0,0,23108.891,23033.111,25,91.57859,DESKTOP-SDN3ES6,KYS_AI.cmsd\KYS_AI_00785,0,
786,LatinHyperCube,Complete,NormalTermination,Training,Auto,FALSE,TRUE,0,7.67E-06,835.35354,594.94949,1118.1818,792.92929,948.48485,1330.303,0.2969697,8171.7172,0.24242424,0,0,22628.375,22541.057,25,88.251144,DESKTOP-SDN3ES6,KYS_AI.cmsd\KYS_AI_00786,0,
787,LatinHyperCube,Complete,NormalTermination,Training,Auto,FALSE,TRUE,0,7.10E-06,1386.8687,552.52525,552.52525,1188.8889,1146.4646,114.14141,0.24242424,1303.0303,0.21515152,0,0,22486.311,22401.201,25,90.288727,DESKTOP-SDN3ES6,KYS_AI.cmsd\KYS_AI_00787,0,
788,LatinHyperCube,Complete,NormalTermination,Training,Auto,FALSE,TRUE,0,4.91E-06,1344.4444,1302.0202,934.34343,877.77778,948.48485,566.66667,0.22121212,9080.8081,0.16666667,0,0,22628.949,22541.984,25,90.484619,DESKTOP-SDN3ES6,KYS_AI.cmsd\KYS_AI_00788,0,
789,LatinHyperCube,Complete,NormalTermination,Training,Auto,FALSE,TRUE,0,3.14E-06,425.25253,510.10101,1005.0505,340.40404,241.41414,1089.899,0.39090909,10898.99,0.10909091,0,0,22959.639,22873.488,25,87.700371,DESKTOP-SDN3ES6,KYS_AI.cmsd\KYS_AI_00789,0,
790,LatinHyperCube,Complete,NormalTermination,Training,Auto,FALSE,TRUE,0,3.78E-06,1160.6061,1457.5758,1005.0505,524.24242,269.69697,142.42424,0.24545455,8272.7273,0.26060606,0,0,22650.324,22563.697,25,90.428886,DESKTOP-SDN3ES6,KYS_AI.cmsd\KYS_AI_00790,0,
791,LatinHyperCube,Complete,NormalTermination,Training,Auto,FALSE,TRUE,0,8.73E-06,679.79798,1118.1818,1302.0202,566.66667,821.21212,184.84848,0.3030303,2212.1212,0.26666667,0,0,22454.434,22367.68,25,89.581139,DESKTOP-SDN3ES6,KYS_AI.cmsd\KYS_AI_00791,0,
792,LatinHyperCube,Complete,NormalTermination,Training,Auto,FALSE,TRUE,0,5.97E-06,269.69697,1415.1515,651.51515,764.64646,1443.4343,1061.6162,0.31818182,3121.2121,0.20909091,0,0,22398.107,22311.482,25,90.104988,DESKTOP-SDN3ES6,KYS_AI.cmsd\KYS_AI_00792,0,
793,LatinHyperCube,Complete,NormalTermination,Training,Auto,FALSE,TRUE,0,5.69E-06,269.69697,1429.2929,1344.4444,1330.303,1160.6061,552.52525,0.11212121,1000,0.1969697,0,0,21766.193,21679.783,25,88.807365,DESKTOP-SDN3ES6,KYS_AI.cmsd\KYS_AI_00793,0,
794,LatinHyperCube,Complete,NormalTermination,Training,Auto,FALSE,TRUE,0,8.37E-06,1132.3232,736.36364,1485.8586,863.63636,1203.0303,764.64646,0.26666667,9989.899,0.3969697,0,0,22555.26,22468.951,25,88.480873,DESKTOP-SDN3ES6,KYS_AI.cmsd\KYS_AI_00794,0,
795,LatinHyperCube,Complete,AbnormalTermination,Training,Auto,FALSE,FALSE,0,8.59E-06,1061.6162,241.41414,453.53535,708.08081,538.38384,340.40404,0.33030303,5747.4747,0.26969697,,,,,,,DESKTOP-SDN3ES6,KYS_AI.cmsd\KYS_AI_00795,0,
796,LatinHyperCube,Complete,NormalTermination,Training,Auto,FALSE,TRUE,0,6.25E-06,382.82828,114.14141,1386.8687,948.48485,693.93939,1401.0101,0.26969697,2111.1111,0.12121212,0,0,22981.049,22895.018,25,84.320969,DESKTOP-SDN3ES6,KYS_AI.cmsd\KYS_AI_00796,0,
797,LatinHyperCube,Complete,NormalTermination,Training,Auto,FALSE,TRUE,0,6.32E-06,1386.8687,962.62626,594.94949,976.76768,1089.899,227.27273,0.18787879,6151.5152,0.21515152,0,0,22489.895,22403.264,25,91.502045,DESKTOP-SDN3ES6,KYS_AI.cmsd\KYS_AI_00797,0,
798,LatinHyperCube,Complete,NormalTermination,Training,Auto,FALSE,TRUE,0,9.01E-06,495.9596,100,1019.1919,1203.0303,920.20202,693.93939,0.13636364,4131.3131,0.27575758,0,0,22758.395,22674.027,25,85.604431,DESKTOP-SDN3ES6,KYS_AI.cmsd\KYS_AI_00798,0,
799,LatinHyperCube,Complete,NormalTermination,Training,Auto,FALSE,TRUE,0,4.56E-06,297.9798,891.91919,1443.4343,1372.7273,283.83838,1160.6061,0.33939394,7060.6061,0.17575758,0,0,22329.875,22243.918,25,87.381607,DESKTOP-SDN3ES6,KYS_AI.cmsd\KYS_AI_00799,0,
800,LatinHyperCube,Complete,NormalTermination,Training,Auto,FALSE,TRUE,0,5.40E-06,1231.3131,891.91919,990.90909,1005.0505,382.82828,198.9899,0.22424242,10494.949,0.19090909,0,0,22696.238,22609.852,25,89.802834,DESKTOP-SDN3ES6,KYS_AI.cmsd\KYS_AI_00800,0,
801,LatinHyperCube,Complete,NormalTermination,Training,Auto,FALSE,TRUE,0,4.56E-06,1471.7172,326.26263,750.50505,1146.4646,312.12121,1146.4646,0.20606061,2010.101,0.28181818,0,0,22704.738,22618.836,25,89.433151,DESKTOP-SDN3ES6,KYS_AI.cmsd\KYS_AI_00801,0,
802,LatinHyperCube,Complete,NormalTermination,Training,Auto,FALSE,TRUE,0,9.79E-06,1188.8889,1188.8889,651.51515,1443.4343,368.68687,1471.7172,0.34242424,5848.4848,0.31818182,0,0,22371.873,22287.109,25,91.028397,DESKTOP-SDN3ES6,KYS_AI.cmsd\KYS_AI_00802,0,
803,LatinHyperCube,Complete,NormalTermination,Training,Auto,FALSE,TRUE,0,7.17E-06,807.07071,1118.1818,1033.3333,736.36364,1372.7273,1075.7576,0.37878788,7262.6263,0.26666667,0,0,22518.469,22431.748,25,89.444145,DESKTOP-SDN3ES6,KYS_AI.cmsd\KYS_AI_00803,0,
804,LatinHyperCube,Complete,NormalTermination,Training,Auto,FALSE,TRUE,0,3.00E-06,1203.0303,382.82828,1005.0505,411.11111,778.78788,708.08081,0.33636364,11000,0.37878788,0,0,22864.771,22786.061,25,88.313332,DESKTOP-SDN3ES6,KYS_AI.cmsd\KYS_AI_00804,0,
805,LatinHyperCube,Complete,NormalTermination,Training,Auto,FALSE,TRUE,0,1.00E-05,750.50505,128.28283,807.07071,255.55556,411.11111,792.92929,0.37575758,10696.97,0.21818182,0,0,22654.998,22578.033,25,87.396049,DESKTOP-SDN3ES6,KYS_AI.cmsd\KYS_AI_00805,0,
806,LatinHyperCube,Complete,NormalTermination,Training,Auto,FALSE,TRUE,0,8.80E-06,948.48485,100,1471.7172,906.06061,807.07071,948.48485,0.22727273,4636.3636,0.19090909,0,0,22792.527,22706.232,25,86.645554,DESKTOP-SDN3ES6,KYS_AI.cmsd\KYS_AI_00806,0,
807,LatinHyperCube,Complete,NormalTermination,Training,Auto,FALSE,TRUE,0,6.89E-06,297.9798,481.81818,708.08081,340.40404,849.49495,679.79798,0.38181818,5040.404,0.35757576,0,0,22599.752,22522.951,25,87.727203,DESKTOP-SDN3ES6,KYS_AI.cmsd\KYS_AI_00807,0,
808,LatinHyperCube,Complete,NormalTermination,Training,Auto,FALSE,TRUE,0,4.34E-06,156.56566,255.55556,637.37374,1104.0404,1203.0303,1273.7374,0.14545455,6151.5152,0.28484848,0,0,22862.215,22781.211,25,84.804634,DESKTOP-SDN3ES6,KYS_AI.cmsd\KYS_AI_00808,0,
809,LatinHyperCube,Complete,NormalTermination,Training,Auto,FALSE,TRUE,0,6.18E-06,382.82828,764.64646,198.9899,326.26263,948.48485,538.38384,0.11515152,2717.1717,0.20909091,0,0,22638.438,22565.361,25,92.663765,DESKTOP-SDN3ES6,KYS_AI.cmsd\KYS_AI_00809,0,
810,LatinHyperCube,Complete,NormalTermination,Training,Auto,FALSE,TRUE,0,7.88E-06,807.07071,906.06061,580.80808,396.9697,340.40404,1429.2929,0.16060606,9787.8788,0.18181818,0,0,22732.461,22646.326,25,91.169189,DESKTOP-SDN3ES6,KYS_AI.cmsd\KYS_AI_00810,0,
811,LatinHyperCube,Complete,NormalTermination,Training,Auto,FALSE,TRUE,0,6.04E-06,594.94949,1089.899,665.65657,1386.8687,1415.1515,156.56566,0.31515152,1505.0505,0.26060606,0,0,22367.246,22282.305,25,90.058647,DESKTOP-SDN3ES6,KYS_AI.cmsd\KYS_AI_00811,0,
812,LatinHyperCube,Complete,AbnormalTermination,Training,Auto,FALSE,FALSE,0,7.17E-06,142.42424,877.77778,863.63636,538.38384,1330.303,1485.8586,0.14545455,10696.97,0.33333333,,,,,,,DESKTOP-SDN3ES6,KYS_AI.cmsd\KYS_AI_00812,0,
813,LatinHyperCube,Complete,NormalTermination,Training,Auto,FALSE,TRUE,0,8.23E-06,566.66667,552.52525,283.83838,1316.1616,1457.5758,1443.4343,0.34242424,6252.5253,0.27878788,0,0,22428.605,22347.629,25,88.18866,DESKTOP-SDN3ES6,KYS_AI.cmsd\KYS_AI_00813,0,
814,LatinHyperCube,Complete,NormalTermination,Training,Auto,FALSE,TRUE,0,7.31E-06,863.63636,354.54545,213.13131,1316.1616,1075.7576,1146.4646,0.38484848,4333.3333,0.24545455,0,0,22380.271,22300.266,25,87.774864,DESKTOP-SDN3ES6,KYS_AI.cmsd\KYS_AI_00814,0,
815,LatinHyperCube,Complete,NormalTermination,Training,Auto,FALSE,TRUE,0,5.97E-06,623.23232,934.34343,962.62626,1217.1717,1429.2929,439.39394,0.35151515,2919.1919,0.33636364,0,0,22480.434,22394.188,25,89.192924,DESKTOP-SDN3ES6,KYS_AI.cmsd\KYS_AI_00815,0,
816,LatinHyperCube,Complete,NormalTermination,Training,Auto,FALSE,TRUE,0,3.99E-06,241.41414,1231.3131,807.07071,439.39394,750.50505,920.20202,0.19393939,3121.2121,0.23939394,0,0,22442.344,22356.916,25,90.386673,DESKTOP-SDN3ES6,KYS_AI.cmsd\KYS_AI_00816,0,
817,LatinHyperCube,Complete,NormalTermination,Training,Auto,FALSE,TRUE,0,1.00E-05,807.07071,1273.7374,1273.7374,354.54545,637.37374,1089.899,0.15454545,1606.0606,0.17575758,0,0,22591.812,22505.391,25,89.271355,DESKTOP-SDN3ES6,KYS_AI.cmsd\KYS_AI_00817,0,
818,LatinHyperCube,Complete,NormalTermination,Training,Auto,FALSE,TRUE,0,9.01E-06,1104.0404,1500,693.93939,269.69697,241.41414,170.70707,0.34545455,5040.404,0.20606061,0,0,22566.008,22480.426,25,91.594528,DESKTOP-SDN3ES6,KYS_AI.cmsd\KYS_AI_00818,0,
819,LatinHyperCube,Complete,NormalTermination,Training,Auto,FALSE,TRUE,0,4.98E-06,1330.303,453.53535,1443.4343,198.9899,1485.8586,1231.3131,0.21212121,6858.5859,0.14545455,0,0,23076.795,22991.42,25,88.201202,DESKTOP-SDN3ES6,KYS_AI.cmsd\KYS_AI_00819,0,
820,LatinHyperCube,Complete,NormalTermination,Training,Auto,FALSE,TRUE,0,6.25E-06,722.22222,1471.7172,297.9798,382.82828,1174.7475,863.63636,0.15151515,2515.1515,0.31212121,0,0,22381.367,22307.902,25,93.16465,DESKTOP-SDN3ES6,KYS_AI.cmsd\KYS_AI_00820,0,
821,LatinHyperCube,Complete,NormalTermination,Training,Auto,FALSE,TRUE,0,5.90E-06,326.26263,1033.3333,1203.0303,990.90909,1047.4747,241.41414,0.26060606,3525.2525,0.19393939,0,0,22319.781,22233.678,25,88.75602,DESKTOP-SDN3ES6,KYS_AI.cmsd\KYS_AI_00821,0,
822,LatinHyperCube,Complete,AbnormalTermination,Training,Auto,FALSE,FALSE,0,9.43E-06,170.70707,1316.1616,1386.8687,722.22222,495.9596,1273.7374,0.1969697,5141.4141,0.33939394,,,,,,,DESKTOP-SDN3ES6,KYS_AI.cmsd\KYS_AI_00822,0,
823,LatinHyperCube,Complete,NormalTermination,Training,Auto,FALSE,TRUE,0,5.33E-06,1118.1818,580.80808,679.79798,227.27273,1047.4747,609.09091,0.14545455,8070.7071,0.38181818,0,0,22740.484,22667.803,25,90.228691,DESKTOP-SDN3ES6,KYS_AI.cmsd\KYS_AI_00823,0,
824,LatinHyperCube,Complete,NormalTermination,Training,Auto,FALSE,TRUE,0,3.49E-06,807.07071,778.78788,962.62626,340.40404,213.13131,425.25253,0.14545455,6656.5657,0.1969697,0,0,23103.951,23017.641,25,89.571075,DESKTOP-SDN3ES6,KYS_AI.cmsd\KYS_AI_00824,0,
825,LatinHyperCube,Complete,NormalTermination,Training,Auto,FALSE,TRUE,0,8.30E-06,1485.8586,792.92929,1005.0505,1485.8586,425.25253,340.40404,0.13939394,10797.98,0.34242424,0,0,22521.139,22435.113,25,89.807587,DESKTOP-SDN3ES6,KYS_AI.cmsd\KYS_AI_00825,0,
826,LatinHyperCube,Complete,NormalTermination,Training,Auto,FALSE,TRUE,0,8.16E-06,679.79798,411.11111,524.24242,920.20202,1203.0303,453.53535,0.17272727,4939.3939,0.16666667,0,0,22692.73,22607.402,25,89.537453,DESKTOP-SDN3ES6,KYS_AI.cmsd\KYS_AI_00826,0,
827,LatinHyperCube,Complete,AbnormalTermination,Training,Auto,FALSE,FALSE,0,9.51E-06,439.39394,637.37374,1302.0202,877.77778,849.49495,1174.7475,0.26666667,7464.6465,0.28484848,,,,,,,DESKTOP-SDN3ES6,KYS_AI.cmsd\KYS_AI_00827,0,
828,LatinHyperCube,Complete,NormalTermination,Training,Auto,FALSE,TRUE,0,5.05E-06,1485.8586,920.20202,1033.3333,1118.1818,1344.4444,891.91919,0.19090909,2414.1414,0.13939394,0,0,22736.578,22650.51,25,90.078331,DESKTOP-SDN3ES6,KYS_AI.cmsd\KYS_AI_00828,0,
829,LatinHyperCube,Complete,NormalTermination,Training,Auto,FALSE,TRUE,0,6.96E-06,906.06061,1033.3333,990.90909,255.55556,1203.0303,156.56566,0.13939394,6353.5354,0.21212121,0,0,22770.326,22684.127,25,90.499138,DESKTOP-SDN3ES6,KYS_AI.cmsd\KYS_AI_00829,0,
830,LatinHyperCube,Complete,NormalTermination,Training,Auto,FALSE,TRUE,0,6.11E-06,722.22222,396.9697,1089.899,566.66667,891.91919,411.11111,0.34545455,3020.202,0.38484848,0,0,22625.932,22543.994,25,87.797623,DESKTOP-SDN3ES6,KYS_AI.cmsd\KYS_AI_00830,0,
831,LatinHyperCube,Complete,NormalTermination,Training,Auto,FALSE,TRUE,0,8.87E-06,1302.0202,1457.5758,255.55556,1358.5859,849.49495,778.78788,0.21515152,1505.0505,0.16666667,0,0,21952.537,21869.041,25,91.316315,DESKTOP-SDN3ES6,KYS_AI.cmsd\KYS_AI_00831,0,
832,LatinHyperCube,Complete,NormalTermination,Training,Auto,FALSE,TRUE,0,3.28E-06,411.11111,453.53535,679.79798,156.56566,326.26263,453.53535,0.39393939,1404.0404,0.16363636,0,0,23040.322,22959.939,25,88.793457,DESKTOP-SDN3ES6,KYS_AI.cmsd\KYS_AI_00832,0,
833,LatinHyperCube,Complete,NormalTermination,Training,Auto,FALSE,TRUE,0,7.81E-06,340.40404,1061.6162,1104.0404,142.42424,1019.1919,312.12121,0.36060606,2212.1212,0.33939394,0,0,22514.564,22436.426,25,88.63475,DESKTOP-SDN3ES6,KYS_AI.cmsd\KYS_AI_00833,0,
834,LatinHyperCube,Complete,NormalTermination,Training,Auto,FALSE,TRUE,0,7.24E-06,1075.7576,1443.4343,708.08081,990.90909,736.36364,934.34343,0.25757576,7161.6162,0.11818182,0,0,22477.941,22391.178,25,91.463661,DESKTOP-SDN3ES6,KYS_AI.cmsd\KYS_AI_00834,0,
835,LatinHyperCube,Complete,NormalTermination,Training,Auto,FALSE,TRUE,0,7.17E-06,1401.0101,283.83838,538.38384,312.12121,807.07071,920.20202,0.2969697,8575.7576,0.3969697,0,0,22585.285,22516.469,25,90.707535,DESKTOP-SDN3ES6,KYS_AI.cmsd\KYS_AI_00835,0,
836,LatinHyperCube,Complete,NormalTermination,Training,Auto,FALSE,TRUE,0,6.25E-06,1372.7273,990.90909,1500,778.78788,467.67677,368.68687,0.15151515,7969.697,0.38787879,0,0,22566.408,22480.365,25,90.20105,DESKTOP-SDN3ES6,KYS_AI.cmsd\KYS_AI_00836,0,
837,LatinHyperCube,Complete,NormalTermination,Training,Auto,FALSE,TRUE,0,6.82E-06,1287.8788,1316.1616,1485.8586,198.9899,1344.4444,1019.1919,0.34242424,6353.5354,0.10909091,0,0,22664.973,22579.547,25,89.74865,DESKTOP-SDN3ES6,KYS_AI.cmsd\KYS_AI_00837,0,
838,LatinHyperCube,Complete,NormalTermination,Training,Auto,FALSE,TRUE,0,4.63E-06,100,1203.0303,1203.0303,495.9596,156.56566,750.50505,0.29090909,5646.4646,0.37272727,0,0,22061.338,21977.506,25,89.04229,DESKTOP-SDN3ES6,KYS_AI.cmsd\KYS_AI_00838,0,
839,LatinHyperCube,Complete,NormalTermination,Training,Auto,FALSE,TRUE,0,7.53E-06,1160.6061,849.49495,227.27273,665.65657,170.70707,481.81818,0.16666667,4232.3232,0.24848485,0,0,22190.846,22113.146,25,91.978722,DESKTOP-SDN3ES6,KYS_AI.cmsd\KYS_AI_00839,0,
840,LatinHyperCube,Complete,NormalTermination,Training,Auto,FALSE,TRUE,0,6.32E-06,609.09091,198.9899,708.08081,1160.6061,538.38384,1485.8586,0.24545455,9181.8182,0.16060606,0,0,22828.426,22743.488,25,86.911224,DESKTOP-SDN3ES6,KYS_AI.cmsd\KYS_AI_00840,0,
841,LatinHyperCube,Complete,NormalTermination,Training,Auto,FALSE,TRUE,0,4.56E-06,524.24242,863.63636,538.38384,1203.0303,184.84848,213.13131,0.23939394,8575.7576,0.32424242,0,0,22429.809,22350.744,25,90.110931,DESKTOP-SDN3ES6,KYS_AI.cmsd\KYS_AI_00841,0,
842,LatinHyperCube,Complete,NormalTermination,Training,Auto,FALSE,TRUE,0,3.71E-06,1401.0101,524.24242,1358.5859,269.69697,934.34343,1372.7273,0.15757576,2818.1818,0.33636364,0,0,22965.643,22880.287,25,88.407669,DESKTOP-SDN3ES6,KYS_AI.cmsd\KYS_AI_00842,0,
843,LatinHyperCube,Complete,NormalTermination,Training,Auto,FALSE,TRUE,0,4.84E-06,269.69697,241.41414,1019.1919,1061.6162,1386.8687,1104.0404,0.31818182,3525.2525,0.36363636,0,0,22692.109,22608.273,25,85.08963,DESKTOP-SDN3ES6,KYS_AI.cmsd\KYS_AI_00843,0,
844,LatinHyperCube,Complete,NormalTermination,Training,Auto,FALSE,TRUE,0,5.83E-06,1019.1919,114.14141,1443.4343,679.79798,1358.5859,1457.5758,0.17878788,2919.1919,0.33030303,0,0,22826.396,22742.488,25,86.814423,DESKTOP-SDN3ES6,KYS_AI.cmsd\KYS_AI_00844,0,
845,LatinHyperCube,Complete,NormalTermination,Training,Auto,FALSE,TRUE,0,8.80E-06,566.66667,1471.7172,524.24242,396.9697,425.25253,1217.1717,0.35757576,3727.2727,0.30909091,0,0,22471.164,22396.42,25,91.602142,DESKTOP-SDN3ES6,KYS_AI.cmsd\KYS_AI_00845,0,
846,LatinHyperCube,Complete,NormalTermination,Training,Auto,FALSE,TRUE,0,9.01E-06,1089.899,1429.2929,1372.7273,792.92929,184.84848,213.13131,0.22424242,6454.5455,0.22727273,0,0,22475.992,22389.916,25,90.209953,DESKTOP-SDN3ES6,KYS_AI.cmsd\KYS_AI_00846,0,
847,LatinHyperCube,Complete,NormalTermination,Training,Auto,FALSE,TRUE,0,5.69E-06,877.77778,1287.8788,1033.3333,1471.7172,340.40404,396.9697,0.4,6656.5657,0.15151515,0,0,22408.412,22322.113,25,89.884338,DESKTOP-SDN3ES6,KYS_AI.cmsd\KYS_AI_00847,0,
848,LatinHyperCube,Complete,NormalTermination,Training,Auto,FALSE,TRUE,0,7.38E-06,1273.7374,679.79798,1188.8889,594.94949,269.69697,1372.7273,0.20909091,2717.1717,0.17272727,0,0,22785.734,22699.803,25,88.997368,DESKTOP-SDN3ES6,KYS_AI.cmsd\KYS_AI_00848,0,
849,LatinHyperCube,Complete,NormalTermination,Training,Auto,FALSE,TRUE,0,8.09E-06,382.82828,920.20202,411.11111,877.77778,708.08081,580.80808,0.21818182,9080.8081,0.26969697,0,0,22424.105,22344.727,25,90.234032,DESKTOP-SDN3ES6,KYS_AI.cmsd\KYS_AI_00849,0,
850,LatinHyperCube,Complete,NormalTermination,Training,Auto,FALSE,TRUE,0,9.86E-06,778.78788,425.25253,1132.3232,1005.0505,382.82828,1485.8586,0.39393939,3626.2626,0.11818182,0,0,22619.553,22533.318,25,88.007919,DESKTOP-SDN3ES6,KYS_AI.cmsd\KYS_AI_00850,0,
851,LatinHyperCube,Complete,NormalTermination,Training,Auto,FALSE,TRUE,0,8.80E-06,283.83838,100,241.41414,736.36364,467.67677,1061.6162,0.27878788,4030.303,0.34545455,0,0,22596.777,22525.717,25,85.112747,DESKTOP-SDN3ES6,KYS_AI.cmsd\KYS_AI_00851,0,
852,LatinHyperCube,Complete,NormalTermination,Training,Auto,FALSE,TRUE,0,8.87E-06,1273.7374,863.63636,1401.0101,1316.1616,453.53535,1217.1717,0.22424242,4232.3232,0.28181818,0,0,22546.846,22460.672,25,88.994904,DESKTOP-SDN3ES6,KYS_AI.cmsd\KYS_AI_00852,0,
853,LatinHyperCube,Complete,NormalTermination,Training,Auto,FALSE,TRUE,0,7.74E-06,778.78788,637.37374,1231.3131,425.25253,877.77778,382.82828,0.19090909,5848.4848,0.23333333,0,0,22696.344,22610.342,25,88.216331,DESKTOP-SDN3ES6,KYS_AI.cmsd\KYS_AI_00853,0,
854,LatinHyperCube,Complete,NormalTermination,Training,Auto,FALSE,TRUE,0,7.31E-06,877.77778,354.54545,411.11111,1174.7475,1188.8889,679.79798,0.32121212,8979.798,0.15757576,0,0,22577.75,22493.145,25,88.859024,DESKTOP-SDN3ES6,KYS_AI.cmsd\KYS_AI_00854,0,
855,LatinHyperCube,Complete,NormalTermination,Training,Auto,FALSE,TRUE,0,3.64E-06,1485.8586,807.07071,241.41414,665.65657,552.52525,1061.6162,0.2030303,5949.4949,0.14242424,0,0,21836.764,21751.504,25,92.41468,DESKTOP-SDN3ES6,KYS_AI.cmsd\KYS_AI_00855,0,
856,LatinHyperCube,Complete,NormalTermination,Training,Auto,FALSE,TRUE,0,6.46E-06,1005.0505,1160.6061,1372.7273,693.93939,1033.3333,877.77778,0.33030303,7464.6465,0.1030303,0,0,22569.797,22484.186,25,89.336708,DESKTOP-SDN3ES6,KYS_AI.cmsd\KYS_AI_00856,0,
857,LatinHyperCube,Complete,NormalTermination,Training,Auto,FALSE,TRUE,0,7.10E-06,1372.7273,877.77778,326.26263,1132.3232,821.21212,368.68687,0.11818182,8474.7475,0.2030303,0,0,22200.922,22117.832,25,90.952705,DESKTOP-SDN3ES6,KYS_AI.cmsd\KYS_AI_00857,0,
858,LatinHyperCube,Complete,NormalTermination,Training,Auto,FALSE,TRUE,0,6.18E-06,849.49495,1372.7273,835.35354,1089.899,1415.1515,1372.7273,0.30909091,4838.3838,0.15454545,0,0,22453.225,22366.213,25,90.429451,DESKTOP-SDN3ES6,KYS_AI.cmsd\KYS_AI_00858,0,
859,LatinHyperCube,Complete,NormalTermination,Training,Auto,FALSE,TRUE,0,8.44E-06,1287.8788,269.69697,934.34343,1415.1515,807.07071,481.81818,0.1,8373.7374,0.34545455,0,0,22641.074,22555.639,25,88.359161,DESKTOP-SDN3ES6,KYS_AI.cmsd\KYS_AI_00859,0,
860,LatinHyperCube,Complete,NormalTermination,Training,Auto,FALSE,TRUE,0,3.99E-06,1118.1818,623.23232,1457.5758,750.50505,792.92929,128.28283,0.31515152,1202.0202,0.3030303,0,0,22713.121,22626.582,25,88.423584,DESKTOP-SDN3ES6,KYS_AI.cmsd\KYS_AI_00860,0,
861,LatinHyperCube,Complete,NormalTermination,Training,Auto,FALSE,TRUE,0,8.16E-06,1273.7374,1118.1818,849.49495,1033.3333,863.63636,679.79798,0.17575758,4333.3333,0.25151515,0,0,22516.424,22428.336,25,90.505737,DESKTOP-SDN3ES6,KYS_AI.cmsd\KYS_AI_00861,0,
862,LatinHyperCube,Complete,AbnormalTermination,Training,Auto,FALSE,FALSE,0,8.52E-06,184.84848,1344.4444,1273.7374,1471.7172,580.80808,1259.596,0.24848485,8474.7475,0.31818182,,,,,,,DESKTOP-SDN3ES6,KYS_AI.cmsd\KYS_AI_00862,0,
863,LatinHyperCube,Complete,NormalTermination,Training,Auto,FALSE,TRUE,0,7.45E-06,594.94949,976.76768,439.39394,1075.7576,1061.6162,255.55556,0.21212121,11000,0.36969697,0,0,22417.375,22338.795,25,90.352333,DESKTOP-SDN3ES6,KYS_AI.cmsd\KYS_AI_00863,0,
864,LatinHyperCube,Complete,NormalTermination,Training,Auto,FALSE,TRUE,0,7.03E-06,651.51515,863.63636,269.69697,1231.3131,651.51515,269.69697,0.17272727,7666.6667,0.33636364,0,0,22318.32,22240.016,25,89.608673,DESKTOP-SDN3ES6,KYS_AI.cmsd\KYS_AI_00864,0,
865,LatinHyperCube,Complete,NormalTermination,Training,Auto,FALSE,TRUE,0,9.58E-06,1047.4747,411.11111,128.28283,269.69697,566.66667,863.63636,0.38484848,6959.596,0.26969697,0,0,22288.318,22218.543,25,93.193039,DESKTOP-SDN3ES6,KYS_AI.cmsd\KYS_AI_00865,0,
866,LatinHyperCube,Complete,NormalTermination,Training,Auto,FALSE,TRUE,0,7.03E-06,1429.2929,1231.3131,665.65657,481.81818,495.9596,1188.8889,0.2969697,8373.7374,0.16363636,0,0,22619.197,22532.301,25,91.665977,DESKTOP-SDN3ES6,KYS_AI.cmsd\KYS_AI_00866,0,
867,LatinHyperCube,Complete,NormalTermination,Training,Auto,FALSE,TRUE,0,4.98E-06,1118.1818,1443.4343,495.9596,1146.4646,1217.1717,297.9798,0.36363636,7262.6263,0.16969697,0,0,22250.965,22163.971,25,92.121788,DESKTOP-SDN3ES6,KYS_AI.cmsd\KYS_AI_00867,0,
868,LatinHyperCube,Complete,NormalTermination,Training,Auto,FALSE,TRUE,0,6.54E-06,623.23232,764.64646,906.06061,708.08081,1047.4747,821.21212,0.38787879,8474.7475,0.3030303,0,0,22544.633,22459.373,25,89.141525,DESKTOP-SDN3ES6,KYS_AI.cmsd\KYS_AI_00868,0,
869,LatinHyperCube,Complete,NormalTermination,Training,Auto,FALSE,TRUE,0,7.60E-06,552.52525,312.12121,524.24242,128.28283,227.27273,1245.4545,0.32727273,3929.2929,0.11212121,0,0,22861.166,22777.562,25,89.410728,DESKTOP-SDN3ES6,KYS_AI.cmsd\KYS_AI_00869,0,
870,LatinHyperCube,Complete,NormalTermination,Training,Auto,FALSE,TRUE,0,4.91E-06,821.21212,382.82828,778.78788,142.42424,1118.1818,835.35354,0.36666667,10191.919,0.33333333,0,0,22755.41,22685.898,25,88.722282,DESKTOP-SDN3ES6,KYS_AI.cmsd\KYS_AI_00870,0,
871,LatinHyperCube,Complete,NormalTermination,Training,Auto,FALSE,TRUE,0,4.27E-06,1401.0101,1132.3232,326.26263,100,495.9596,1415.1515,0.12727273,5040.404,0.2,0,0,22724.012,22649.422,25,93.577911,DESKTOP-SDN3ES6,KYS_AI.cmsd\KYS_AI_00871,0,
872,LatinHyperCube,Complete,NormalTermination,Training,Auto,FALSE,TRUE,0,4.70E-06,821.21212,792.92929,736.36364,1174.7475,623.23232,665.65657,0.22727273,1303.0303,0.1,0,0,22677.871,22591.301,25,90.200775,DESKTOP-SDN3ES6,KYS_AI.cmsd\KYS_AI_00872,0,
873,LatinHyperCube,Complete,NormalTermination,Training,Auto,FALSE,TRUE,0,8.02E-06,1033.3333,1259.596,524.24242,863.63636,269.69697,623.23232,0.19393939,10898.99,0.3969697,0,0,22412.293,22331.006,25,91.383934,DESKTOP-SDN3ES6,KYS_AI.cmsd\KYS_AI_00873,0,
874,LatinHyperCube,Complete,NormalTermination,Training,Auto,FALSE,TRUE,0,9.43E-06,877.77778,425.25253,792.92929,1231.3131,1372.7273,1104.0404,0.38484848,11000,0.27272727,0,0,22542.594,22457.158,25,88.716614,DESKTOP-SDN3ES6,KYS_AI.cmsd\KYS_AI_00874,0,
875,LatinHyperCube,Complete,NormalTermination,Training,Auto,FALSE,TRUE,0,8.52E-06,708.08081,1302.0202,170.70707,1344.4444,1457.5758,1160.6061,0.33333333,5848.4848,0.36666667,0,0,22076.861,21998.504,25,90.247742,DESKTOP-SDN3ES6,KYS_AI.cmsd\KYS_AI_00875,0,
876,LatinHyperCube,Complete,NormalTermination,Training,Auto,FALSE,TRUE,0,8.23E-06,580.80808,693.93939,623.23232,1174.7475,100,411.11111,0.16666667,4838.3838,0.37575758,0,0,22504.08,22425.725,25,88.531075,DESKTOP-SDN3ES6,KYS_AI.cmsd\KYS_AI_00876,0,
877,LatinHyperCube,Complete,NormalTermination,Training,Auto,FALSE,TRUE,0,5.19E-06,411.11111,1401.0101,665.65657,906.06061,1344.4444,297.9798,0.36060606,4636.3636,0.1030303,0,0,22401.004,22314.211,25,90.711983,DESKTOP-SDN3ES6,KYS_AI.cmsd\KYS_AI_00877,0,
878,LatinHyperCube,Complete,NormalTermination,Training,Auto,FALSE,TRUE,0,4.41E-06,326.26263,297.9798,396.9697,1188.8889,1146.4646,920.20202,0.29393939,6757.5758,0.16060606,0,0,22791.309,22709.424,25,86.501015,DESKTOP-SDN3ES6,KYS_AI.cmsd\KYS_AI_00878,0,
879,LatinHyperCube,Complete,NormalTermination,Training,Auto,FALSE,TRUE,0,3.35E-06,1005.0505,778.78788,906.06061,1429.2929,255.55556,1245.4545,0.18484848,1606.0606,0.1,0,0,22875.785,22789.807,25,89.660515,DESKTOP-SDN3ES6,KYS_AI.cmsd\KYS_AI_00879,0,
880,LatinHyperCube,Complete,NormalTermination,Training,Auto,FALSE,TRUE,0,6.04E-06,1500,1146.4646,1075.7576,1075.7576,750.50505,100,0.15151515,8171.7172,0.21212121,0,0,22645.795,22559.277,25,90.223915,DESKTOP-SDN3ES6,KYS_AI.cmsd\KYS_AI_00880,0,
881,LatinHyperCube,Complete,NormalTermination,Training,Auto,FALSE,TRUE,0,6.68E-06,792.92929,1089.899,1287.8788,1033.3333,1259.596,948.48485,0.19090909,4737.3737,0.18787879,0,0,22523.297,22436.27,25,88.906647,DESKTOP-SDN3ES6,KYS_AI.cmsd\KYS_AI_00881,0,
882,LatinHyperCube,Complete,NormalTermination,Training,Auto,FALSE,TRUE,0,6.04E-06,920.20202,679.79798,736.36364,1485.8586,679.79798,114.14141,0.16060606,2212.1212,0.21818182,0,0,22599.736,22513.668,25,89.57724,DESKTOP-SDN3ES6,KYS_AI.cmsd\KYS_AI_00882,0,
883,LatinHyperCube,Complete,NormalTermination,Training,Auto,FALSE,TRUE,0,6.75E-06,693.93939,227.27273,1132.3232,1174.7475,1316.1616,354.54545,0.20909091,9484.8485,0.26363636,0,0,22752.156,22665.057,25,87.350075,DESKTOP-SDN3ES6,KYS_AI.cmsd\KYS_AI_00883,0,
884,LatinHyperCube,Complete,NormalTermination,Training,Auto,FALSE,TRUE,0,5.62E-06,552.52525,198.9899,312.12121,1316.1616,1132.3232,778.78788,0.26666667,8777.7778,0.10909091,0,0,22820.691,22737.283,25,85.711632,DESKTOP-SDN3ES6,KYS_AI.cmsd\KYS_AI_00884,0,
885,LatinHyperCube,Complete,NormalTermination,Training,Auto,FALSE,TRUE,0,9.36E-06,184.84848,736.36364,552.52525,1005.0505,764.64646,439.39394,0.35757576,5949.4949,0.22121212,0,0,22436.83,22353.268,25,88.980881,DESKTOP-SDN3ES6,KYS_AI.cmsd\KYS_AI_00885,0,
886,LatinHyperCube,Complete,NormalTermination,Training,Auto,FALSE,TRUE,0,4.27E-06,1330.303,623.23232,1047.4747,1217.1717,552.52525,920.20202,0.23939394,7565.6566,0.25757576,0,0,22783.039,22696.039,25,89.114754,DESKTOP-SDN3ES6,KYS_AI.cmsd\KYS_AI_00886,0,
887,LatinHyperCube,Complete,NormalTermination,Training,Auto,FALSE,TRUE,0,3.92E-06,1089.899,1203.0303,1358.5859,1457.5758,552.52525,1132.3232,0.21515152,9181.8182,0.24848485,0,0,22464.42,22377.801,25,89.846275,DESKTOP-SDN3ES6,KYS_AI.cmsd\KYS_AI_00887,0,
888,LatinHyperCube,Complete,NormalTermination,Training,Auto,FALSE,TRUE,0,4.63E-06,510.10101,778.78788,1287.8788,1372.7273,1302.0202,594.94949,0.15757576,8070.7071,0.13939394,0,0,22562.549,22475.908,25,88.411293,DESKTOP-SDN3ES6,KYS_AI.cmsd\KYS_AI_00888,0,
889,LatinHyperCube,Complete,NormalTermination,Training,Auto,FALSE,TRUE,0,4.77E-06,891.91919,283.83838,170.70707,283.83838,297.9798,467.67677,0.33939394,3525.2525,0.33333333,0,0,22374.094,22306.045,25,92.247719,DESKTOP-SDN3ES6,KYS_AI.cmsd\KYS_AI_00889,0,
890,LatinHyperCube,Complete,NormalTermination,Training,Auto,FALSE,TRUE,0,3.57E-06,1118.1818,821.21212,312.12121,1132.3232,651.51515,948.48485,0.29090909,4636.3636,0.30606061,0,0,22173.871,22094.223,25,90.479416,DESKTOP-SDN3ES6,KYS_AI.cmsd\KYS_AI_00890,0,
891,LatinHyperCube,Complete,NormalTermination,Training,Auto,FALSE,TRUE,0,4.48E-06,1188.8889,1443.4343,693.93939,1203.0303,1188.8889,1401.0101,0.2,5242.4242,0.27575758,0,0,22360.615,22273.93,25,91.128944,DESKTOP-SDN3ES6,KYS_AI.cmsd\KYS_AI_00891,0,
892,LatinHyperCube,Complete,NormalTermination,Training,Auto,FALSE,TRUE,0,7.88E-06,538.38384,637.37374,227.27273,750.50505,651.51515,467.67677,0.16060606,7666.6667,0.13030303,0,0,22512.037,22430.197,25,90.444244,DESKTOP-SDN3ES6,KYS_AI.cmsd\KYS_AI_00892,0,
893,LatinHyperCube,Complete,NormalTermination,Training,Auto,FALSE,TRUE,0,6.96E-06,396.9697,1344.4444,142.42424,1104.0404,128.28283,1302.0202,0.3,10090.909,0.23333333,0,0,22080.994,22002.242,25,90.556381,DESKTOP-SDN3ES6,KYS_AI.cmsd\KYS_AI_00893,0,
894,LatinHyperCube,Complete,NormalTermination,Training,Auto,FALSE,TRUE,0,8.30E-06,241.41414,1245.4545,269.69697,863.63636,580.80808,1372.7273,0.32424242,6555.5556,0.29090909,0,0,22314.979,22237.053,25,90.487312,DESKTOP-SDN3ES6,KYS_AI.cmsd\KYS_AI_00894,0,
895,LatinHyperCube,Complete,NormalTermination,Training,Auto,FALSE,TRUE,0,6.25E-06,1372.7273,1457.5758,1316.1616,1132.3232,863.63636,764.64646,0.23030303,3828.2828,0.38181818,0,0,22469.305,22382.721,25,89.908012,DESKTOP-SDN3ES6,KYS_AI.cmsd\KYS_AI_00895,0,
896,LatinHyperCube,Complete,AbnormalTermination,Training,Auto,FALSE,FALSE,0,6.82E-06,764.64646,609.09091,326.26263,354.54545,128.28283,1500,0.1969697,6454.5455,0.3,,,,,,,DESKTOP-SDN3ES6,KYS_AI.cmsd\KYS_AI_00896,0,
897,LatinHyperCube,Complete,NormalTermination,Training,Auto,FALSE,TRUE,0,9.29E-06,510.10101,241.41414,877.77778,439.39394,1005.0505,693.93939,0.26969697,4939.3939,0.10909091,0,0,22809.225,22723.117,25,87.44709,DESKTOP-SDN3ES6,KYS_AI.cmsd\KYS_AI_00897,0,
898,LatinHyperCube,Complete,NormalTermination,Training,Auto,FALSE,TRUE,0,8.37E-06,1457.5758,877.77778,1259.596,1330.303,679.79798,241.41414,0.34848485,3020.202,0.33939394,0,0,22515.416,22428.533,25,89.334503,DESKTOP-SDN3ES6,KYS_AI.cmsd\KYS_AI_00898,0,
899,LatinHyperCube,Complete,NormalTermination,Training,Auto,FALSE,TRUE,0,8.66E-06,1316.1616,1061.6162,1061.6162,1047.4747,976.76768,1386.8687,0.1,4737.3737,0.13030303,0,0,22681.125,22594.738,25,89.916893,DESKTOP-SDN3ES6,KYS_AI.cmsd\KYS_AI_00899,0,
900,LatinHyperCube,Complete,NormalTermination,Training,Auto,FALSE,TRUE,0,9.58E-06,708.08081,665.65657,891.91919,1344.4444,1287.8788,170.70707,0.33636364,1909.0909,0.12727273,0,0,22541.373,22454.881,25,89.017097,DESKTOP-SDN3ES6,KYS_AI.cmsd\KYS_AI_00900,0,
901,LatinHyperCube,Complete,NormalTermination,Training,Auto,FALSE,TRUE,0,8.52E-06,764.64646,609.09091,312.12121,1089.899,566.66667,948.48485,0.3969697,3121.2121,0.21818182,0,0,22412.76,22331.836,25,89.619133,DESKTOP-SDN3ES6,KYS_AI.cmsd\KYS_AI_00901,0,
902,LatinHyperCube,Complete,NormalTermination,Training,Auto,FALSE,TRUE,0,1.00E-05,340.40404,156.56566,623.23232,778.78788,566.66667,524.24242,0.11515152,1101.0101,0.18787879,0,0,22841.904,22760.729,25,85.966911,DESKTOP-SDN3ES6,KYS_AI.cmsd\KYS_AI_00902,0,
903,LatinHyperCube,Complete,AbnormalTermination,Training,Auto,FALSE,FALSE,0,3.99E-06,1146.4646,1188.8889,552.52525,807.07071,849.49495,778.78788,0.13333333,6151.5152,0.36666667,,,,,,,DESKTOP-SDN3ES6,KYS_AI.cmsd\KYS_AI_00903,0,
904,LatinHyperCube,Complete,NormalTermination,Training,Auto,FALSE,TRUE,0,5.69E-06,1500,693.93939,920.20202,594.94949,1302.0202,510.10101,0.24545455,8979.798,0.2030303,0,0,22747.465,22660.898,25,89.997795,DESKTOP-SDN3ES6,KYS_AI.cmsd\KYS_AI_00904,0,
905,LatinHyperCube,Complete,NormalTermination,Training,Auto,FALSE,TRUE,0,3.07E-06,481.81818,1302.0202,312.12121,142.42424,1188.8889,495.9596,0.16969697,5545.4545,0.34848485,0,0,22804.775,22736.279,25,93.33815,DESKTOP-SDN3ES6,KYS_AI.cmsd\KYS_AI_00905,0,
906,LatinHyperCube,Complete,NormalTermination,Training,Auto,FALSE,TRUE,0,3.28E-06,1287.8788,849.49495,1344.4444,354.54545,1146.4646,778.78788,0.11212121,3222.2222,0.27272727,0,0,22960.424,22874.33,25,89.076042,DESKTOP-SDN3ES6,KYS_AI.cmsd\KYS_AI_00906,0,
907,LatinHyperCube,Complete,NormalTermination,Training,Auto,FALSE,TRUE,0,3.42E-06,538.38384,1231.3131,1344.4444,467.67677,1188.8889,580.80808,0.14848485,5141.4141,0.3030303,0,0,22425.004,22338.805,25,88.442772,DESKTOP-SDN3ES6,KYS_AI.cmsd\KYS_AI_00907,0,
908,LatinHyperCube,Complete,NormalTermination,Training,Auto,FALSE,TRUE,0,4.41E-06,467.67677,807.07071,1415.1515,269.69697,948.48485,213.13131,0.14848485,3323.2323,0.38484848,0,0,22560.203,22477.311,25,88.763809,DESKTOP-SDN3ES6,KYS_AI.cmsd\KYS_AI_00908,0,
909,LatinHyperCube,Complete,NormalTermination,Training,Auto,FALSE,TRUE,0,4.41E-06,651.51515,750.50505,170.70707,1457.5758,1457.5758,1033.3333,0.33333333,7464.6465,0.20606061,0,0,22171.777,22090.445,25,88.45433,DESKTOP-SDN3ES6,KYS_AI.cmsd\KYS_AI_00909,0,
910,LatinHyperCube,Complete,NormalTermination,Training,Auto,FALSE,TRUE,0,6.18E-06,934.34343,990.90909,114.14141,326.26263,778.78788,934.34343,0.27272727,4838.3838,0.38484848,0,0,21976.877,21904.971,25,93.759483,DESKTOP-SDN3ES6,KYS_AI.cmsd\KYS_AI_00910,0,
911,LatinHyperCube,Complete,NormalTermination,Training,Auto,FALSE,TRUE,0,9.79E-06,679.79798,1485.8586,891.91919,962.62626,1146.4646,1231.3131,0.31515152,5646.4646,0.18484848,0,0,22429.4,22342.211,25,90.27121,DESKTOP-SDN3ES6,KYS_AI.cmsd\KYS_AI_00911,0,
912,LatinHyperCube,Complete,NormalTermination,Training,Auto,FALSE,TRUE,0,8.59E-06,821.21212,1471.7172,948.48485,552.52525,609.09091,637.37374,0.17575758,6858.5859,0.4,0,0,22498.414,22413.551,25,89.761452,DESKTOP-SDN3ES6,KYS_AI.cmsd\KYS_AI_00912,0,
913,LatinHyperCube,Complete,NormalTermination,Training,Auto,FALSE,TRUE,0,7.45E-06,1047.4747,990.90909,1188.8889,637.37374,1429.2929,1259.596,0.18787879,9787.8788,0.28787879,0,0,22605.861,22518.748,25,88.806618,DESKTOP-SDN3ES6,KYS_AI.cmsd\KYS_AI_00913,0,
914,LatinHyperCube,Complete,NormalTermination,Training,Auto,FALSE,TRUE,0,6.61E-06,1443.4343,1132.3232,990.90909,891.91919,198.9899,283.83838,0.38181818,9787.8788,0.11515152,0,0,22596.168,22510.131,25,90.255241,DESKTOP-SDN3ES6,KYS_AI.cmsd\KYS_AI_00914,0,
915,LatinHyperCube,Complete,NormalTermination,Training,Auto,FALSE,TRUE,0,8.80E-06,566.66667,1075.7576,609.09091,891.91919,1019.1919,382.82828,0.34848485,8777.7778,0.35757576,0,0,22439.291,22359.061,25,89.996933,DESKTOP-SDN3ES6,KYS_AI.cmsd\KYS_AI_00915,0,
916,LatinHyperCube,Complete,NormalTermination,Training,Auto,FALSE,TRUE,0,5.19E-06,1047.4747,1075.7576,849.49495,1287.8788,326.26263,1415.1515,0.27575758,9888.8889,0.29393939,0,0,22457.189,22370.951,25,89.990906,DESKTOP-SDN3ES6,KYS_AI.cmsd\KYS_AI_00916,0,
917,LatinHyperCube,Complete,NormalTermination,Training,Auto,FALSE,TRUE,0,5.47E-06,934.34343,467.67677,1471.7172,1358.5859,1132.3232,425.25253,0.12121212,2919.1919,0.32727273,0,0,22659.613,22572.566,25,87.657829,DESKTOP-SDN3ES6,KYS_AI.cmsd\KYS_AI_00917,0,
918,LatinHyperCube,Complete,NormalTermination,Training,Auto,FALSE,TRUE,0,8.66E-06,552.52525,439.39394,580.80808,665.65657,1471.7172,849.49495,0.23333333,3222.2222,0.22121212,0,0,22649.971,22566.588,25,89.249504,DESKTOP-SDN3ES6,KYS_AI.cmsd\KYS_AI_00918,0,
919,LatinHyperCube,Complete,NormalTermination,Training,Auto,FALSE,TRUE,0,8.02E-06,1231.3131,1104.0404,354.54545,453.53535,1386.8687,396.9697,0.32121212,8777.7778,0.18484848,0,0,22417.164,22332.498,25,92.871971,DESKTOP-SDN3ES6,KYS_AI.cmsd\KYS_AI_00919,0,
920,LatinHyperCube,Complete,NormalTermination,Training,Auto,FALSE,TRUE,0,1.00E-05,1273.7374,340.40404,128.28283,213.13131,198.9899,835.35354,0.32424242,6353.5354,0.38181818,0,0,22193.766,22126.027,25,93.534477,DESKTOP-SDN3ES6,KYS_AI.cmsd\KYS_AI_00920,0,
921,LatinHyperCube,Complete,NormalTermination,Training,Auto,FALSE,TRUE,0,9.86E-06,693.93939,269.69697,976.76768,1019.1919,679.79798,411.11111,0.29393939,10797.98,0.1969697,0,0,22655.539,22568.27,25,87.658318,DESKTOP-SDN3ES6,KYS_AI.cmsd\KYS_AI_00921,0,
922,LatinHyperCube,Complete,NormalTermination,Training,Auto,FALSE,TRUE,0,7.53E-06,750.50505,425.25253,693.93939,1457.5758,128.28283,1500,0.28181818,9888.8889,0.1969697,0,0,22608.965,22523.547,25,88.072922,DESKTOP-SDN3ES6,KYS_AI.cmsd\KYS_AI_00922,0,
923,LatinHyperCube,Complete,NormalTermination,Training,Auto,FALSE,TRUE,0,8.09E-06,100,510.10101,510.10101,1401.0101,1386.8687,821.21212,0.21212121,1808.0808,0.26363636,0,0,22370.684,22288.096,25,86.186752,DESKTOP-SDN3ES6,KYS_AI.cmsd\KYS_AI_00923,0,
924,LatinHyperCube,Complete,NormalTermination,Training,Auto,FALSE,TRUE,0,8.23E-06,736.36364,552.52525,439.39394,1358.5859,1443.4343,1033.3333,0.37575758,7969.697,0.36060606,0,0,22466.002,22386.25,25,89.48642,DESKTOP-SDN3ES6,KYS_AI.cmsd\KYS_AI_00924,0,
925,LatinHyperCube,Complete,NormalTermination,Training,Auto,FALSE,TRUE,0,3.07E-06,368.68687,1061.6162,1217.1717,1316.1616,297.9798,1146.4646,0.39090909,11000,0.22121212,0,0,22085.863,21999.055,25,89.099617,DESKTOP-SDN3ES6,KYS_AI.cmsd\KYS_AI_00925,0,
926,LatinHyperCube,Complete,NormalTermination,Training,Auto,FALSE,TRUE,0,7.10E-06,920.20202,1287.8788,481.81818,708.08081,1231.3131,906.06061,0.38181818,5141.4141,0.25757576,0,0,22445.354,22361.576,25,91.810448,DESKTOP-SDN3ES6,KYS_AI.cmsd\KYS_AI_00926,0,
927,LatinHyperCube,Complete,NormalTermination,Training,Auto,FALSE,TRUE,0,3.49E-06,1203.0303,679.79798,934.34343,891.91919,481.81818,962.62626,0.26666667,4737.3737,0.13333333,0,0,22933.473,22847.242,25,89.761215,DESKTOP-SDN3ES6,KYS_AI.cmsd\KYS_AI_00927,0,
928,LatinHyperCube,Complete,NormalTermination,Training,Auto,FALSE,TRUE,0,5.97E-06,156.56566,453.53535,481.81818,552.52525,693.93939,538.38384,0.36060606,9484.8485,0.24545455,0,0,22580.607,22504.877,25,88.542885,DESKTOP-SDN3ES6,KYS_AI.cmsd\KYS_AI_00928,0,
929,LatinHyperCube,Complete,NormalTermination,Training,Auto,FALSE,TRUE,0,3.57E-06,241.41414,736.36364,382.82828,1415.1515,382.82828,1188.8889,0.12727273,6555.5556,0.21515152,0,0,22414.822,22332.436,25,88.387199,DESKTOP-SDN3ES6,KYS_AI.cmsd\KYS_AI_00929,0,
930,LatinHyperCube,Complete,NormalTermination,Training,Auto,FALSE,TRUE,0,7.38E-06,1358.5859,1259.596,863.63636,609.09091,1118.1818,1471.7172,0.18484848,7565.6566,0.20606061,0,0,22620.002,22532.586,25,90.337753,DESKTOP-SDN3ES6,KYS_AI.cmsd\KYS_AI_00930,0,
931,LatinHyperCube,Complete,NormalTermination,Training,Auto,FALSE,TRUE,0,7.24E-06,821.21212,976.76768,863.63636,948.48485,1287.8788,552.52525,0.3969697,1707.0707,0.32727273,0,0,22495.818,22408.904,25,89.487434,DESKTOP-SDN3ES6,KYS_AI.cmsd\KYS_AI_00931,0,
932,LatinHyperCube,Complete,NormalTermination,Training,Auto,FALSE,TRUE,0,8.30E-06,693.93939,368.68687,962.62626,906.06061,962.62626,1429.2929,0.23333333,8272.7273,0.34848485,0,0,22607.135,22522.969,25,88.062538,DESKTOP-SDN3ES6,KYS_AI.cmsd\KYS_AI_00932,0,
933,LatinHyperCube,Complete,NormalTermination,Training,Auto,FALSE,TRUE,0,9.22E-06,1089.899,1203.0303,495.9596,1104.0404,213.13131,269.69697,0.19393939,3525.2525,0.28181818,0,0,22360.064,22278.135,25,91.164566,DESKTOP-SDN3ES6,KYS_AI.cmsd\KYS_AI_00933,0,
934,LatinHyperCube,Complete,NormalTermination,Training,Auto,FALSE,TRUE,0,5.47E-06,1188.8889,439.39394,114.14141,1104.0404,1485.8586,297.9798,0.20606061,1909.0909,0.15757576,0,0,21905.189,21824.623,25,88.703651,DESKTOP-SDN3ES6,KYS_AI.cmsd\KYS_AI_00934,0,
935,LatinHyperCube,Complete,NormalTermination,Training,Auto,FALSE,TRUE,0,3.00E-06,1457.5758,184.84848,425.25253,990.90909,665.65657,354.54545,0.1,4030.303,0.22727273,0,0,22914.434,22832.721,25,88.746277,DESKTOP-SDN3ES6,KYS_AI.cmsd\KYS_AI_00935,0,
936,LatinHyperCube,Complete,NormalTermination,Training,Auto,FALSE,TRUE,0,1.00E-05,906.06061,679.79798,340.40404,1401.0101,1372.7273,1386.8687,0.1969697,7363.6364,0.25151515,0,0,22393.066,22311.109,25,89.16745,DESKTOP-SDN3ES6,KYS_AI.cmsd\KYS_AI_00936,0,
937,LatinHyperCube,Complete,NormalTermination,Training,Auto,FALSE,TRUE,0,5.19E-06,142.42424,1429.2929,1118.1818,1075.7576,170.70707,1231.3131,0.3030303,1202.0202,0.17878788,0,0,21944.957,21859.277,25,89.152306,DESKTOP-SDN3ES6,KYS_AI.cmsd\KYS_AI_00937,0,
938,LatinHyperCube,Complete,NormalTermination,Training,Auto,FALSE,TRUE,0,7.53E-06,1203.0303,722.22222,184.84848,467.67677,396.9697,962.62626,0.26363636,10898.99,0.31212121,0,0,22170.342,22095.797,25,92.661613,DESKTOP-SDN3ES6,KYS_AI.cmsd\KYS_AI_00938,0,
939,LatinHyperCube,Complete,NormalTermination,Training,Auto,FALSE,TRUE,0,6.18E-06,312.12121,594.94949,255.55556,906.06061,100,213.13131,0.36363636,1404.0404,0.23636364,0,0,22472.232,22395.607,25,89.17186,DESKTOP-SDN3ES6,KYS_AI.cmsd\KYS_AI_00939,0,
940,LatinHyperCube,Complete,NormalTermination,Training,Auto,FALSE,TRUE,0,4.70E-06,354.54545,566.66667,1061.6162,114.14141,807.07071,1118.1818,0.37272727,8171.7172,0.13030303,0,0,22880.453,22794.252,25,88.072319,DESKTOP-SDN3ES6,KYS_AI.cmsd\KYS_AI_00940,0,
941,LatinHyperCube,Complete,NormalTermination,Training,Auto,FALSE,TRUE,0,3.49E-06,481.81818,142.42424,1401.0101,1443.4343,114.14141,100,0.3030303,10393.939,0.3,0,0,22932.361,22848.418,25,84.621788,DESKTOP-SDN3ES6,KYS_AI.cmsd\KYS_AI_00941,0,
942,LatinHyperCube,Complete,NormalTermination,Training,Auto,FALSE,TRUE,0,9.86E-06,1429.2929,1174.7475,326.26263,467.67677,976.76768,736.36364,0.19090909,2414.1414,0.16666667,0,0,22341.777,22256.992,25,93.380974,DESKTOP-SDN3ES6,KYS_AI.cmsd\KYS_AI_00942,0,
943,LatinHyperCube,Complete,NormalTermination,Training,Auto,FALSE,TRUE,0,7.31E-06,411.11111,750.50505,1231.3131,114.14141,524.24242,693.93939,0.38484848,9181.8182,0.17272727,0,0,22643.98,22557.512,25,88.248505,DESKTOP-SDN3ES6,KYS_AI.cmsd\KYS_AI_00943,0,
944,LatinHyperCube,Complete,NormalTermination,Training,Auto,FALSE,TRUE,0,9.08E-06,1330.303,142.42424,439.39394,722.22222,552.52525,651.51515,0.31818182,2616.1616,0.39090909,0,0,22479.219,22406.41,25,89.774315,DESKTOP-SDN3ES6,KYS_AI.cmsd\KYS_AI_00944,0,
945,LatinHyperCube,Complete,NormalTermination,Training,Auto,FALSE,TRUE,0,9.36E-06,425.25253,1132.3232,863.63636,1033.3333,679.79798,637.37374,0.22727273,3929.2929,0.25454545,0,0,22407.555,22320.574,25,89.730896,DESKTOP-SDN3ES6,KYS_AI.cmsd\KYS_AI_00945,0,
946,LatinHyperCube,Complete,NormalTermination,Training,Auto,FALSE,TRUE,0,3.85E-06,1146.4646,1386.8687,1429.2929,1287.8788,1259.596,241.41414,0.36969697,4131.3131,0.26666667,0,0,22453.541,22367.217,25,89.538979,DESKTOP-SDN3ES6,KYS_AI.cmsd\KYS_AI_00946,0,
947,LatinHyperCube,Complete,NormalTermination,Training,Auto,FALSE,TRUE,0,3.49E-06,156.56566,1033.3333,495.9596,1372.7273,962.62626,807.07071,0.28484848,9787.8788,0.24242424,0,0,22049.832,21965.799,25,89.561577,DESKTOP-SDN3ES6,KYS_AI.cmsd\KYS_AI_00947,0,
948,LatinHyperCube,Complete,NormalTermination,Training,Auto,FALSE,TRUE,0,4.20E-06,708.08081,396.9697,495.9596,411.11111,340.40404,679.79798,0.2969697,10898.99,0.36060606,0,0,22704.467,22631.701,25,90.321045,DESKTOP-SDN3ES6,KYS_AI.cmsd\KYS_AI_00948,0,
949,LatinHyperCube,Complete,NormalTermination,Training,Auto,FALSE,TRUE,0,3.35E-06,679.79798,580.80808,651.51515,708.08081,1089.899,594.94949,0.2,10696.97,0.23030303,0,0,22864.873,22778.387,25,89.915588,DESKTOP-SDN3ES6,KYS_AI.cmsd\KYS_AI_00949,0,
950,LatinHyperCube,Complete,NormalTermination,Training,Auto,FALSE,TRUE,0,6.32E-06,835.35354,312.12121,1386.8687,1330.303,1104.0404,1316.1616,0.17575758,10292.929,0.11818182,0,0,22943.156,22857.275,25,87.612518,DESKTOP-SDN3ES6,KYS_AI.cmsd\KYS_AI_00950,0,
951,LatinHyperCube,Complete,NormalTermination,Training,Auto,FALSE,TRUE,0,5.26E-06,1075.7576,1302.0202,128.28283,580.80808,764.64646,128.28283,0.14848485,7969.697,0.36969697,0,0,21522.336,21446.777,25,92.891853,DESKTOP-SDN3ES6,KYS_AI.cmsd\KYS_AI_00951,0,
952,LatinHyperCube,Complete,NormalTermination,Training,Auto,FALSE,TRUE,0,4.41E-06,425.25253,1259.596,283.83838,920.20202,665.65657,1401.0101,0.28787879,4131.3131,0.14848485,0,0,22249.234,22166.713,25,90.931564,DESKTOP-SDN3ES6,KYS_AI.cmsd\KYS_AI_00952,0,
953,LatinHyperCube,Complete,NormalTermination,Training,Auto,FALSE,TRUE,0,5.62E-06,962.62626,708.08081,1302.0202,481.81818,778.78788,1146.4646,0.32121212,5545.4545,0.12424242,0,0,22759.656,22674.047,25,88.488419,DESKTOP-SDN3ES6,KYS_AI.cmsd\KYS_AI_00953,0,
954,LatinHyperCube,Complete,NormalTermination,Training,Auto,FALSE,TRUE,0,5.12E-06,1443.4343,1146.4646,510.10101,693.93939,877.77778,849.49495,0.3,7363.6364,0.35454545,0,0,22422.76,22340.148,25,91.839073,DESKTOP-SDN3ES6,KYS_AI.cmsd\KYS_AI_00954,0,
955,LatinHyperCube,Complete,NormalTermination,Training,Auto,FALSE,TRUE,0,9.65E-06,1061.6162,764.64646,665.65657,1259.596,1358.5859,142.42424,0.25151515,4838.3838,0.37575758,0,0,22439.084,22359.592,25,90.184975,DESKTOP-SDN3ES6,KYS_AI.cmsd\KYS_AI_00955,0,
956,LatinHyperCube,Complete,NormalTermination,Training,Auto,FALSE,TRUE,0,3.71E-06,114.14141,1287.8788,1245.4545,934.34343,1245.4545,948.48485,0.37878788,9686.8687,0.22727273,0,0,21987.52,21900.971,25,88.379486,DESKTOP-SDN3ES6,KYS_AI.cmsd\KYS_AI_00956,0,
957,LatinHyperCube,Complete,NormalTermination,Training,Auto,FALSE,TRUE,0,6.39E-06,1075.7576,100,1429.2929,170.70707,467.67677,354.54545,0.36969697,7464.6465,0.35757576,0,0,22694.35,22616.789,25,86.301315,DESKTOP-SDN3ES6,KYS_AI.cmsd\KYS_AI_00957,0,
958,LatinHyperCube,Complete,NormalTermination,Training,Auto,FALSE,TRUE,0,4.98E-06,594.94949,326.26263,326.26263,453.53535,637.37374,835.35354,0.33333333,2010.101,0.18484848,0,0,22711.857,22636.285,25,90.458038,DESKTOP-SDN3ES6,KYS_AI.cmsd\KYS_AI_00958,0,
959,LatinHyperCube,Complete,NormalTermination,Training,Auto,FALSE,TRUE,0,3.99E-06,213.13131,1005.0505,1104.0404,976.76768,184.84848,566.66667,0.17272727,5545.4545,0.1,0,0,22141.734,22056.098,25,88.547157,DESKTOP-SDN3ES6,KYS_AI.cmsd\KYS_AI_00959,0,
960,LatinHyperCube,Complete,NormalTermination,Training,Auto,FALSE,TRUE,0,3.28E-06,1471.7172,156.56566,354.54545,354.54545,510.10101,1075.7576,0.37878788,8474.7475,0.10606061,0,0,22816.094,22728.898,25,91.420715,DESKTOP-SDN3ES6,KYS_AI.cmsd\KYS_AI_00960,0,
961,LatinHyperCube,Complete,NormalTermination,Training,Auto,FALSE,TRUE,0,4.27E-06,920.20202,962.62626,1188.8889,1443.4343,552.52525,467.67677,0.34848485,7161.6162,0.31515152,0,0,22481.482,22394.818,25,89.228966,DESKTOP-SDN3ES6,KYS_AI.cmsd\KYS_AI_00961,0,
962,LatinHyperCube,Complete,NormalTermination,Training,Auto,FALSE,TRUE,0,5.05E-06,962.62626,1358.5859,510.10101,283.83838,877.77778,1330.303,0.13939394,9585.8586,0.16060606,0,0,22889.066,22803.273,25,92.564117,DESKTOP-SDN3ES6,KYS_AI.cmsd\KYS_AI_00962,0,
963,LatinHyperCube,Complete,NormalTermination,Training,Auto,FALSE,TRUE,0,3.57E-06,1302.0202,693.93939,1033.3333,580.80808,637.37374,1457.5758,0.13333333,7161.6162,0.29393939,0,0,23037.377,22949.918,25,89.001984,DESKTOP-SDN3ES6,KYS_AI.cmsd\KYS_AI_00963,0,
964,LatinHyperCube,Complete,NormalTermination,Training,Auto,FALSE,TRUE,0,3.28E-06,863.63636,495.9596,835.35354,1457.5758,750.50505,609.09091,0.23939394,9080.8081,0.34242424,0,0,22665.328,22581,25,88.777,DESKTOP-SDN3ES6,KYS_AI.cmsd\KYS_AI_00964,0,
965,LatinHyperCube,Complete,AbnormalTermination,Training,Auto,FALSE,FALSE,0,4.06E-06,354.54545,326.26263,1287.8788,835.35354,1019.1919,665.65657,0.20909091,7060.6061,0.14545455,,,,,,,DESKTOP-SDN3ES6,KYS_AI.cmsd\KYS_AI_00965,0,
966,LatinHyperCube,Complete,NormalTermination,Training,Auto,FALSE,TRUE,0,5.40E-06,114.14141,1047.4747,340.40404,679.79798,1401.0101,382.82828,0.25151515,9080.8081,0.2030303,0,0,22160.545,22079.387,25,90.275841,DESKTOP-SDN3ES6,KYS_AI.cmsd\KYS_AI_00966,0,
967,LatinHyperCube,Complete,NormalTermination,Training,Auto,FALSE,TRUE,0,8.94E-06,1005.0505,821.21212,368.68687,340.40404,1471.7172,863.63636,0.28181818,9282.8283,0.20606061,0,0,22555.193,22474.598,25,92.349861,DESKTOP-SDN3ES6,KYS_AI.cmsd\KYS_AI_00967,0,
968,LatinHyperCube,Complete,NormalTermination,Training,Auto,FALSE,TRUE,0,3.64E-06,1302.0202,538.38384,156.56566,1485.8586,906.06061,750.50505,0.23636364,7565.6566,0.37878788,0,0,21799.162,21719.635,25,88.330002,DESKTOP-SDN3ES6,KYS_AI.cmsd\KYS_AI_00968,0,
969,LatinHyperCube,Complete,AbnormalTermination,Training,Auto,FALSE,FALSE,0,8.02E-06,1231.3131,156.56566,467.67677,1061.6162,1104.0404,722.22222,0.25454545,1101.0101,0.3,,,,,,,DESKTOP-SDN3ES6,KYS_AI.cmsd\KYS_AI_00969,0,
970,LatinHyperCube,Complete,NormalTermination,Training,Auto,FALSE,TRUE,0,6.54E-06,1104.0404,297.9798,990.90909,1457.5758,1005.0505,1188.8889,0.12727273,4838.3838,0.24242424,0,0,22770.258,22682.717,25,88.647987,DESKTOP-SDN3ES6,KYS_AI.cmsd\KYS_AI_00970,0,
971,LatinHyperCube,Complete,NormalTermination,Training,Auto,FALSE,TRUE,0,5.62E-06,792.92929,297.9798,976.76768,1231.3131,142.42424,1019.1919,0.1,7767.6768,0.15454545,0,0,23116.301,23030.051,25,87.764633,DESKTOP-SDN3ES6,KYS_AI.cmsd\KYS_AI_00971,0,
972,LatinHyperCube,Complete,NormalTermination,Training,Auto,FALSE,TRUE,0,5.55E-06,891.91919,170.70707,1457.5758,934.34343,1287.8788,198.9899,0.28787879,8070.7071,0.33939394,0,0,22739.982,22654.502,25,86.798203,DESKTOP-SDN3ES6,KYS_AI.cmsd\KYS_AI_00972,0,
973,LatinHyperCube,Complete,NormalTermination,Training,Auto,FALSE,TRUE,0,6.39E-06,948.48485,1259.596,736.36364,128.28283,736.36364,1401.0101,0.39090909,6757.5758,0.23030303,0,0,22681.006,22599.549,25,90.495758,DESKTOP-SDN3ES6,KYS_AI.cmsd\KYS_AI_00973,0,
974,LatinHyperCube,Complete,NormalTermination,Training,Auto,FALSE,TRUE,0,3.07E-06,382.82828,453.53535,580.80808,114.14141,312.12121,637.37374,0.1030303,4535.3535,0.23030303,0,0,23489.777,23417.92,25,89.803024,DESKTOP-SDN3ES6,KYS_AI.cmsd\KYS_AI_00974,0,
975,LatinHyperCube,Complete,NormalTermination,Training,Auto,FALSE,TRUE,0,3.64E-06,891.91919,807.07071,807.07071,1302.0202,1174.7475,396.9697,0.16666667,2010.101,0.38484848,0,0,22557.744,22472.541,25,89.579308,DESKTOP-SDN3ES6,KYS_AI.cmsd\KYS_AI_00975,0,
976,LatinHyperCube,Complete,NormalTermination,Training,Auto,FALSE,TRUE,0,4.48E-06,609.09091,1485.8586,1132.3232,891.91919,1245.4545,594.94949,0.27575758,4737.3737,0.31818182,0,0,22361.924,22274.605,25,89.689941,DESKTOP-SDN3ES6,KYS_AI.cmsd\KYS_AI_00976,0,
977,LatinHyperCube,Complete,NormalTermination,Training,Auto,FALSE,TRUE,0,3.92E-06,764.64646,1146.4646,1061.6162,524.24242,1401.0101,425.25253,0.13636364,6353.5354,0.2969697,0,0,22718.701,22632.795,25,89.545403,DESKTOP-SDN3ES6,KYS_AI.cmsd\KYS_AI_00977,0,
978,LatinHyperCube,Complete,NormalTermination,Training,Auto,FALSE,TRUE,0,9.86E-06,792.92929,1287.8788,821.21212,283.83838,227.27273,934.34343,0.23636364,8272.7273,0.19393939,0,0,22616.137,22529.756,25,90.441002,DESKTOP-SDN3ES6,KYS_AI.cmsd\KYS_AI_00978,0,
979,LatinHyperCube,Complete,NormalTermination,Training,Auto,FALSE,TRUE,0,9.65E-06,198.9899,241.41414,1273.7374,510.10101,255.55556,170.70707,0.13939394,9585.8586,0.32727273,0,0,22669.078,22590.012,25,83.857506,DESKTOP-SDN3ES6,KYS_AI.cmsd\KYS_AI_00979,0,
980,LatinHyperCube,Complete,NormalTermination,Training,Auto,FALSE,TRUE,0,8.94E-06,1443.4343,495.9596,425.25253,778.78788,792.92929,1089.899,0.17272727,3626.2626,0.30606061,0,0,22458.723,22379.578,25,90.956032,DESKTOP-SDN3ES6,KYS_AI.cmsd\KYS_AI_00980,0,
981,LatinHyperCube,Complete,NormalTermination,Training,Auto,FALSE,TRUE,0,5.83E-06,1429.2929,368.68687,1146.4646,1259.596,1344.4444,1005.0505,0.30909091,3828.2828,0.16363636,0,0,22751.783,22665.014,25,88.80024,DESKTOP-SDN3ES6,KYS_AI.cmsd\KYS_AI_00981,0,
982,LatinHyperCube,Complete,NormalTermination,Training,Auto,FALSE,TRUE,0,6.75E-06,580.80808,1075.7576,1160.6061,1217.1717,354.54545,1203.0303,0.36363636,4232.3232,0.28181818,0,0,22387.646,22300.676,25,89.101952,DESKTOP-SDN3ES6,KYS_AI.cmsd\KYS_AI_00982,0,
983,LatinHyperCube,Complete,NormalTermination,Training,Auto,FALSE,TRUE,0,4.77E-06,962.62626,637.37374,1245.4545,651.51515,439.39394,1203.0303,0.2030303,6656.5657,0.14242424,0,0,22957.084,22871.486,25,88.551476,DESKTOP-SDN3ES6,KYS_AI.cmsd\KYS_AI_00983,0,
984,LatinHyperCube,Complete,AbnormalTermination,Training,Auto,FALSE,FALSE,0,3.92E-06,255.55556,1033.3333,1344.4444,368.68687,1047.4747,807.07071,0.2,8474.7475,0.36666667,,,,,,,DESKTOP-SDN3ES6,KYS_AI.cmsd\KYS_AI_00984,0,
985,LatinHyperCube,Complete,NormalTermination,Training,Auto,FALSE,TRUE,0,7.38E-06,693.93939,906.06061,425.25253,100,609.09091,1033.3333,0.13030303,10595.96,0.16060606,0,0,22940.475,22863.324,25,92.339615,DESKTOP-SDN3ES6,KYS_AI.cmsd\KYS_AI_00985,0,
986,LatinHyperCube,Complete,NormalTermination,Training,Auto,FALSE,TRUE,0,9.29E-06,227.27273,1160.6061,1217.1717,227.27273,594.94949,1386.8687,0.25151515,10595.96,0.27575758,0,0,22482.508,22397.695,25,88.78849,DESKTOP-SDN3ES6,KYS_AI.cmsd\KYS_AI_00986,0,
987,LatinHyperCube,Complete,NormalTermination,Training,Auto,FALSE,TRUE,0,3.00E-06,736.36364,1217.1717,1471.7172,835.35354,425.25253,990.90909,0.26060606,2313.1313,0.18484848,0,0,22431.861,22345.141,25,88.971703,DESKTOP-SDN3ES6,KYS_AI.cmsd\KYS_AI_00987,0,
988,LatinHyperCube,Complete,NormalTermination,Training,Auto,FALSE,TRUE,0,9.79E-06,538.38384,651.51515,1302.0202,1075.7576,1174.7475,990.90909,0.33333333,1101.0101,0.37272727,0,0,22502.727,22416.945,25,88.059929,DESKTOP-SDN3ES6,KYS_AI.cmsd\KYS_AI_00988,0,
989,LatinHyperCube,Complete,NormalTermination,Training,Auto,FALSE,TRUE,0,8.02E-06,778.78788,1330.303,100,1429.2929,198.9899,1005.0505,0.36969697,1505.0505,0.18181818,0,0,22100.461,22020.283,25,89.909103,DESKTOP-SDN3ES6,KYS_AI.cmsd\KYS_AI_00989,0,
990,LatinHyperCube,Complete,NormalTermination,Training,Auto,FALSE,TRUE,0,7.45E-06,580.80808,891.91919,665.65657,764.64646,1443.4343,1132.3232,0.29090909,1202.0202,0.39090909,0,0,22493.494,22412.26,25,89.49527,DESKTOP-SDN3ES6,KYS_AI.cmsd\KYS_AI_00990,0,
991,LatinHyperCube,Complete,NormalTermination,Training,Auto,FALSE,TRUE,0,7.81E-06,665.65657,679.79798,1061.6162,114.14141,1104.0404,736.36364,0.21212121,5343.4343,0.28787879,0,0,22694.963,22618.365,25,88.301308,DESKTOP-SDN3ES6,KYS_AI.cmsd\KYS_AI_00991,0,
992,LatinHyperCube,Complete,NormalTermination,Training,Auto,FALSE,TRUE,0,3.21E-06,1386.8687,764.64646,877.77778,1429.2929,396.9697,1104.0404,0.38181818,6151.5152,0.32121212,0,0,22541,22454.074,25,89.550079,DESKTOP-SDN3ES6,KYS_AI.cmsd\KYS_AI_00992,0,
993,LatinHyperCube,Complete,NormalTermination,Training,Auto,FALSE,TRUE,0,5.69E-06,693.93939,1245.4545,1217.1717,609.09091,1330.303,142.42424,0.31212121,10494.949,0.39393939,0,0,22433.764,22348.066,25,89.637718,DESKTOP-SDN3ES6,KYS_AI.cmsd\KYS_AI_00993,0,
994,LatinHyperCube,Complete,NormalTermination,Training,Auto,FALSE,TRUE,0,7.81E-06,1033.3333,1245.4545,142.42424,821.21212,906.06061,368.68687,0.14242424,4434.3434,0.21212121,0,0,21780.777,21701.717,25,91.802589,DESKTOP-SDN3ES6,KYS_AI.cmsd\KYS_AI_00994,0,
995,LatinHyperCube,Complete,NormalTermination,Training,Auto,FALSE,TRUE,0,7.95E-06,722.22222,1500,1033.3333,1245.4545,821.21212,198.9899,0.19393939,7464.6465,0.36060606,0,0,22382.469,22296.854,25,89.917465,DESKTOP-SDN3ES6,KYS_AI.cmsd\KYS_AI_00995,0,
996,LatinHyperCube,Complete,NormalTermination,Training,Auto,FALSE,TRUE,0,9.72E-06,283.83838,439.39394,948.48485,213.13131,821.21212,552.52525,0.25454545,1707.0707,0.39393939,0,0,22562.115,22488.311,25,86.795731,DESKTOP-SDN3ES6,KYS_AI.cmsd\KYS_AI_00996,0,
997,LatinHyperCube,Complete,NormalTermination,Training,Auto,FALSE,TRUE,0,5.33E-06,1429.2929,609.09091,594.94949,1316.1616,778.78788,1174.7475,0.15454545,6151.5152,0.36363636,0,0,22444.021,22362.258,25,90.838852,DESKTOP-SDN3ES6,KYS_AI.cmsd\KYS_AI_00997,0,
998,LatinHyperCube,Complete,NormalTermination,Training,Auto,FALSE,TRUE,0,7.95E-06,948.48485,1075.7576,1372.7273,1019.1919,142.42424,976.76768,0.26060606,3222.2222,0.35151515,0,0,22501.025,22414.537,25,89.539795,DESKTOP-SDN3ES6,KYS_AI.cmsd\KYS_AI_00998,0,
999,LatinHyperCube,Complete,NormalTermination,Training,Auto,FALSE,TRUE,0,5.40E-06,750.50505,411.11111,764.64646,1160.6061,1174.7475,891.91919,0.1030303,7262.6263,0.35151515,0,0,22716.406,22632.443,25,88.038895,DESKTOP-SDN3ES6,KYS_AI.cmsd\KYS_AI_00999,0,
1000,LatinHyperCube,Complete,NormalTermination,Training,Auto,FALSE,TRUE,0,7.53E-06,920.20202,524.24242,1443.4343,1259.596,990.90909,100,0.35454545,6858.5859,0.12121212,0,0,22647.826,22562.195,25,87.901535,DESKTOP-SDN3ES6,KYS_AI.cmsd\KYS_AI_01000,0,
1001,LatinHyperCube,Complete,NormalTermination,Training,Auto,FALSE,TRUE,0,9.22E-06,1401.0101,326.26263,920.20202,976.76768,1401.0101,623.23232,0.11818182,1000,0.38181818,0,0,22601.818,22520.178,25,89.005913,DESKTOP-SDN3ES6,KYS_AI.cmsd\KYS_AI_01001,0,
1002,LatinHyperCube,Complete,NormalTermination,Training,Auto,FALSE,TRUE,0,5.90E-06,1372.7273,1443.4343,524.24242,184.84848,637.37374,651.51515,0.12727273,9383.8384,0.17575758,0,0,22887.264,22801.443,25,92.603264,DESKTOP-SDN3ES6,KYS_AI.cmsd\KYS_AI_01002,0,
1003,LatinHyperCube,Complete,NormalTermination,Training,Auto,FALSE,TRUE,0,5.97E-06,297.9798,1302.0202,156.56566,807.07071,453.53535,1245.4545,0.38787879,4535.3535,0.14242424,0,0,22173.381,22093.125,25,91.1828,DESKTOP-SDN3ES6,KYS_AI.cmsd\KYS_AI_01003,0,
1004,LatinHyperCube,Complete,NormalTermination,Training,Auto,FALSE,TRUE,0,6.54E-06,1203.0303,1330.303,792.92929,807.07071,1089.899,1033.3333,0.37878788,3828.2828,0.2969697,0,0,22475.994,22388.488,25,91.193932,DESKTOP-SDN3ES6,KYS_AI.cmsd\KYS_AI_01004,0,
1005,LatinHyperCube,Complete,NormalTermination,Training,Auto,FALSE,TRUE,0,5.05E-06,524.24242,835.35354,1316.1616,835.35354,453.53535,368.68687,0.4,2919.1919,0.11818182,0,0,22536.215,22450.371,25,87.952637,DESKTOP-SDN3ES6,KYS_AI.cmsd\KYS_AI_01005,0,
1006,LatinHyperCube,Complete,NormalTermination,Training,Auto,FALSE,TRUE,0,5.83E-06,651.51515,495.9596,1217.1717,792.92929,1500,340.40404,0.4,3222.2222,0.26363636,0,0,22640.203,22553.389,25,87.351135,DESKTOP-SDN3ES6,KYS_AI.cmsd\KYS_AI_01006,0,
1007,LatinHyperCube,Complete,NormalTermination,Training,Auto,FALSE,TRUE,0,7.10E-06,990.90909,1089.899,340.40404,1415.1515,891.91919,297.9798,0.13636364,3828.2828,0.19393939,0,0,22231.852,22148.639,25,90.466721,DESKTOP-SDN3ES6,KYS_AI.cmsd\KYS_AI_01007,0,
1008,LatinHyperCube,Complete,NormalTermination,Training,Auto,FALSE,TRUE,0,4.34E-06,736.36364,481.81818,1471.7172,467.67677,1500,241.41414,0.32121212,7666.6667,0.12424242,0,0,22889.48,22804.111,25,86.929398,DESKTOP-SDN3ES6,KYS_AI.cmsd\KYS_AI_01008,0,
1009,LatinHyperCube,Complete,NormalTermination,Training,Auto,FALSE,TRUE,0,4.13E-06,1033.3333,1061.6162,1019.1919,213.13131,1259.596,1415.1515,0.33636364,7060.6061,0.33636364,0,0,22728.736,22644.262,25,88.815163,DESKTOP-SDN3ES6,KYS_AI.cmsd\KYS_AI_01009,0,
1010,LatinHyperCube,Complete,NormalTermination,Training,Auto,FALSE,TRUE,0,5.47E-06,722.22222,495.9596,538.38384,1386.8687,1104.0404,1330.303,0.33939394,8373.7374,0.35454545,0,0,22531.232,22450.488,25,89.148254,DESKTOP-SDN3ES6,KYS_AI.cmsd\KYS_AI_01010,0,
1011,LatinHyperCube,Complete,NormalTermination,Training,Auto,FALSE,TRUE,0,4.56E-06,184.84848,198.9899,1174.7475,128.28283,1443.4343,976.76768,0.23636364,9383.8384,0.25151515,0,0,22913.406,22836.062,25,83.473465,DESKTOP-SDN3ES6,KYS_AI.cmsd\KYS_AI_01011,0,
1012,LatinHyperCube,Complete,NormalTermination,Training,Auto,FALSE,TRUE,0,4.06E-06,170.70707,354.54545,142.42424,425.25253,722.22222,976.76768,0.35757576,3929.2929,0.31818182,0,0,22559.756,22489.137,25,89.779999,DESKTOP-SDN3ES6,KYS_AI.cmsd\KYS_AI_01012,0,
1013,LatinHyperCube,Complete,NormalTermination,Training,Auto,FALSE,TRUE,0,4.91E-06,326.26263,184.84848,510.10101,906.06061,665.65657,255.55556,0.17272727,5949.4949,0.11212121,0,0,23200.35,23116.486,25,86.350281,DESKTOP-SDN3ES6,KYS_AI.cmsd\KYS_AI_01013,0,
1014,LatinHyperCube,Complete,NormalTermination,Training,Auto,FALSE,TRUE,0,8.37E-06,1415.1515,708.08081,750.50505,425.25253,142.42424,184.84848,0.36060606,8979.798,0.16969697,0,0,22627.199,22540.482,25,90.722061,DESKTOP-SDN3ES6,KYS_AI.cmsd\KYS_AI_01014,0,
1015,LatinHyperCube,Complete,NormalTermination,Training,Auto,FALSE,TRUE,0,4.98E-06,1217.1717,1500,467.67677,170.70707,976.76768,708.08081,0.12121212,5343.4343,0.21818182,0,0,22803.979,22722.186,25,92.736176,DESKTOP-SDN3ES6,KYS_AI.cmsd\KYS_AI_01015,0,
1016,LatinHyperCube,Complete,NormalTermination,Training,Auto,FALSE,TRUE,0,4.27E-06,1019.1919,368.68687,368.68687,1500,1471.7172,750.50505,0.10909091,10696.97,0.14545455,0,0,22798.957,22714.48,25,87.98423,DESKTOP-SDN3ES6,KYS_AI.cmsd\KYS_AI_01016,0,
1017,LatinHyperCube,Complete,NormalTermination,Training,Auto,FALSE,TRUE,0,6.04E-06,1485.8586,170.70707,594.94949,425.25253,1005.0505,1316.1616,0.21818182,1707.0707,0.15151515,0,0,22910.689,22822.812,25,90.683517,DESKTOP-SDN3ES6,KYS_AI.cmsd\KYS_AI_01017,0,
1018,LatinHyperCube,Complete,NormalTermination,Training,Auto,FALSE,TRUE,0,5.05E-06,1089.899,1287.8788,170.70707,1429.2929,1401.0101,425.25253,0.14848485,6757.5758,0.1030303,0,0,21205.451,21121.992,25,90.593254,DESKTOP-SDN3ES6,KYS_AI.cmsd\KYS_AI_01018,0,
1019,LatinHyperCube,Complete,NormalTermination,Training,Auto,FALSE,TRUE,0,8.94E-06,1457.5758,312.12121,1358.5859,722.22222,213.13131,1330.303,0.27878788,3020.202,0.39393939,0,0,22586.016,22500.939,25,88.039734,DESKTOP-SDN3ES6,KYS_AI.cmsd\KYS_AI_01019,0,
1020,LatinHyperCube,Complete,AbnormalTermination,Training,Auto,FALSE,FALSE,0,7.67E-06,453.53535,976.76768,962.62626,1344.4444,538.38384,128.28283,0.11818182,1808.0808,0.26666667,,,,,,,DESKTOP-SDN3ES6,KYS_AI.cmsd\KYS_AI_01020,0,
1021,LatinHyperCube,Complete,NormalTermination,Training,Auto,FALSE,TRUE,0,9.51E-06,1358.5859,948.48485,340.40404,312.12121,877.77778,1160.6061,0.2969697,1202.0202,0.11515152,0,0,22492.869,22405.736,25,93.121109,DESKTOP-SDN3ES6,KYS_AI.cmsd\KYS_AI_01021,0,
1022,LatinHyperCube,Complete,NormalTermination,Training,Auto,FALSE,TRUE,0,7.74E-06,184.84848,1372.7273,877.77778,439.39394,1174.7475,495.9596,0.18484848,10595.96,0.10606061,0,0,22252.527,22166.459,25,90.774399,DESKTOP-SDN3ES6,KYS_AI.cmsd\KYS_AI_01022,0,
1023,LatinHyperCube,Complete,NormalTermination,Training,Auto,FALSE,TRUE,0,8.30E-06,792.92929,1344.4444,481.81818,354.54545,170.70707,481.81818,0.32727273,6151.5152,0.25757576,0,0,22523.48,22445.611,25,91.815414,DESKTOP-SDN3ES6,KYS_AI.cmsd\KYS_AI_01023,0,
1024,LatinHyperCube,Complete,NormalTermination,Training,Auto,FALSE,TRUE,0,4.06E-06,807.07071,1075.7576,354.54545,170.70707,580.80808,1075.7576,0.35757576,6555.5556,0.37878788,0,0,22550.85,22482.891,25,92.714012,DESKTOP-SDN3ES6,KYS_AI.cmsd\KYS_AI_01024,0,
1025,LatinHyperCube,Complete,NormalTermination,Training,Auto,FALSE,TRUE,0,9.43E-06,1259.596,1061.6162,722.22222,1471.7172,1132.3232,142.42424,0.30606061,1707.0707,0.36969697,0,0,22413.4,22330.377,25,90.25547,DESKTOP-SDN3ES6,KYS_AI.cmsd\KYS_AI_01025,0,
1026,LatinHyperCube,Complete,NormalTermination,Training,Auto,FALSE,TRUE,0,5.55E-06,580.80808,948.48485,1500,184.84848,1245.4545,750.50505,0.2030303,3020.202,0.21515152,0,0,22649.125,22563.373,25,88.617805,DESKTOP-SDN3ES6,KYS_AI.cmsd\KYS_AI_01026,0,
1027,LatinHyperCube,Complete,NormalTermination,Training,Auto,FALSE,TRUE,0,9.15E-06,1457.5758,807.07071,1188.8889,1330.303,1231.3131,1273.7374,0.32424242,3323.2323,0.20909091,0,0,22538.936,22452.559,25,89.409119,DESKTOP-SDN3ES6,KYS_AI.cmsd\KYS_AI_01027,0,
1028,LatinHyperCube,Complete,NormalTermination,Training,Auto,FALSE,TRUE,0,5.55E-06,1316.1616,1005.0505,736.36364,100,891.91919,1471.7172,0.24848485,3323.2323,0.36666667,0,0,22707.541,22636.586,25,90.641129,DESKTOP-SDN3ES6,KYS_AI.cmsd\KYS_AI_01028,0,
1029,LatinHyperCube,Complete,NormalTermination,Training,Auto,FALSE,TRUE,0,4.48E-06,976.76768,439.39394,906.06061,693.93939,708.08081,524.24242,0.25151515,7767.6768,0.32424242,0,0,22777.938,22693.102,25,88.695435,DESKTOP-SDN3ES6,KYS_AI.cmsd\KYS_AI_01029,0,
1030,LatinHyperCube,Complete,NormalTermination,Training,Auto,FALSE,TRUE,0,7.10E-06,227.27273,566.66667,1401.0101,1231.3131,241.41414,1500,0.3969697,6252.5253,0.29090909,0,0,22478.619,22393.16,25,85.764336,DESKTOP-SDN3ES6,KYS_AI.cmsd\KYS_AI_01030,0,
1031,LatinHyperCube,Complete,NormalTermination,Training,Auto,FALSE,TRUE,0,7.67E-06,326.26263,1231.3131,396.9697,439.39394,368.68687,891.91919,0.4,1808.0808,0.34848485,0,0,22436.141,22362.186,25,91.306641,DESKTOP-SDN3ES6,KYS_AI.cmsd\KYS_AI_01031,0,
1032,LatinHyperCube,Complete,NormalTermination,Training,Auto,FALSE,TRUE,0,9.72E-06,1217.1717,1457.5758,1118.1818,1302.0202,708.08081,906.06061,0.34545455,11000,0.11818182,0,0,22465.514,22379.875,25,90.251022,DESKTOP-SDN3ES6,KYS_AI.cmsd\KYS_AI_01032,0,
1033,LatinHyperCube,Complete,NormalTermination,Training,Auto,FALSE,TRUE,0,9.15E-06,976.76768,778.78788,100,312.12121,1344.4444,354.54545,0.30606061,2414.1414,0.32424242,0,0,22060.01,21988.209,25,93.55307,DESKTOP-SDN3ES6,KYS_AI.cmsd\KYS_AI_01033,0,
1034,LatinHyperCube,Complete,NormalTermination,Training,Auto,FALSE,TRUE,0,6.89E-06,396.9697,665.65657,425.25253,722.22222,538.38384,1287.8788,0.10909091,10191.919,0.17878788,0,0,22716.533,22633.734,25,89.923782,DESKTOP-SDN3ES6,KYS_AI.cmsd\KYS_AI_01034,0,
1035,LatinHyperCube,Complete,NormalTermination,Training,Auto,FALSE,TRUE,0,5.12E-06,736.36364,722.22222,453.53535,1089.899,1273.7374,1302.0202,0.30606061,8575.7576,0.37575758,0,0,22436.67,22357.137,25,90.500992,DESKTOP-SDN3ES6,KYS_AI.cmsd\KYS_AI_01035,0,
1036,LatinHyperCube,Complete,NormalTermination,Training,Auto,FALSE,TRUE,0,3.85E-06,425.25253,863.63636,128.28283,821.21212,326.26263,1089.899,0.3969697,6050.5051,0.34242424,0,0,22035.934,21959.555,25,90.431244,DESKTOP-SDN3ES6,KYS_AI.cmsd\KYS_AI_01036,0,
1037,LatinHyperCube,Complete,NormalTermination,Training,Auto,FALSE,TRUE,0,7.74E-06,990.90909,708.08081,114.14141,990.90909,1443.4343,1316.1616,0.36969697,3020.202,0.15757576,0,0,22139.518,22059.662,25,90.190773,DESKTOP-SDN3ES6,KYS_AI.cmsd\KYS_AI_01037,0,
1038,LatinHyperCube,Complete,NormalTermination,Training,Auto,FALSE,TRUE,0,3.78E-06,114.14141,453.53535,114.14141,170.70707,396.9697,736.36364,0.36666667,5242.4242,0.23636364,0,0,22631.781,22560.188,25,92.43158,DESKTOP-SDN3ES6,KYS_AI.cmsd\KYS_AI_01038,0,
1039,LatinHyperCube,Complete,NormalTermination,Training,Auto,FALSE,TRUE,0,4.27E-06,934.34343,382.82828,552.52525,948.48485,368.68687,609.09091,0.24848485,3727.2727,0.11212121,0,0,22905.475,22818.08,25,89.92379,DESKTOP-SDN3ES6,KYS_AI.cmsd\KYS_AI_01039,0,
1040,LatinHyperCube,Complete,NormalTermination,Training,Auto,FALSE,TRUE,0,3.57E-06,1132.3232,538.38384,241.41414,382.82828,368.68687,453.53535,0.13030303,8878.7879,0.25454545,0,0,22506.723,22432.998,25,92.42186,DESKTOP-SDN3ES6,KYS_AI.cmsd\KYS_AI_01040,0,
1041,LatinHyperCube,Complete,NormalTermination,Training,Auto,FALSE,TRUE,0,6.75E-06,1075.7576,283.83838,1457.5758,255.55556,1273.7374,213.13131,0.39090909,9686.8687,0.2969697,0,0,22683.545,22598.248,25,87.17424,DESKTOP-SDN3ES6,KYS_AI.cmsd\KYS_AI_01041,0,
1042,LatinHyperCube,Complete,NormalTermination,Training,Auto,FALSE,TRUE,0,5.76E-06,1061.6162,1358.5859,750.50505,241.41414,255.55556,1203.0303,0.35151515,1404.0404,0.17878788,0,0,22707.096,22620.244,25,90.854385,DESKTOP-SDN3ES6,KYS_AI.cmsd\KYS_AI_01042,0,
1043,LatinHyperCube,Complete,NormalTermination,Training,Auto,FALSE,TRUE,0,7.88E-06,1089.899,227.27273,1485.8586,241.41414,227.27273,128.28283,0.3030303,6959.596,0.3030303,0,0,22685.078,22600.818,25,87.186035,DESKTOP-SDN3ES6,KYS_AI.cmsd\KYS_AI_01043,0,
1044,LatinHyperCube,Complete,NormalTermination,Training,Auto,FALSE,TRUE,0,6.11E-06,100,481.81818,382.82828,665.65657,623.23232,128.28283,0.11212121,5444.4444,0.14848485,0,0,22688.889,22607.158,25,87.874207,DESKTOP-SDN3ES6,KYS_AI.cmsd\KYS_AI_01044,0,
1045,LatinHyperCube,Complete,NormalTermination,Training,Auto,FALSE,TRUE,0,4.56E-06,651.51515,778.78788,679.79798,128.28283,1500,1104.0404,0.20909091,9484.8485,0.10909091,0,0,23248.018,23161.561,25,90.591095,DESKTOP-SDN3ES6,KYS_AI.cmsd\KYS_AI_01045,0,
1046,LatinHyperCube,Complete,NormalTermination,Training,Auto,FALSE,TRUE,0,9.93E-06,835.35354,580.80808,792.92929,1160.6061,1429.2929,481.81818,0.25757576,6959.596,0.23636364,0,0,22551.223,22464.375,25,89.121704,DESKTOP-SDN3ES6,KYS_AI.cmsd\KYS_AI_01046,0,
1047,LatinHyperCube,Complete,NormalTermination,Training,Auto,FALSE,TRUE,0,8.73E-06,524.24242,1330.303,920.20202,580.80808,934.34343,552.52525,0.26666667,10292.929,0.34545455,0,0,22492.271,22406.91,25,89.962151,DESKTOP-SDN3ES6,KYS_AI.cmsd\KYS_AI_01047,0,
1048,LatinHyperCube,Complete,NormalTermination,Training,Auto,FALSE,TRUE,0,4.20E-06,227.27273,906.06061,764.64646,1188.8889,1033.3333,340.40404,0.21212121,7565.6566,0.32121212,0,0,22331.312,22247.164,25,88.274345,DESKTOP-SDN3ES6,KYS_AI.cmsd\KYS_AI_01048,0,
1049,Latin Hypercube Plus Proxy Optimization,Complete,NormalTermination,Training,Auto,FALSE,TRUE,0,7.88E-06,1203.0303,623.23232,538.38384,1203.0303,1443.4343,481.81818,0.33030303,6959.596,0.26666667,0,0,22467.924,22382.348,25,90.247345,DESKTOP-SDN3ES6,KYS_AI.cmsd\KYS_AI_01049,0,
1050,Latin Hypercube Plus Proxy Optimization,Complete,NormalTermination,Training,Auto,FALSE,TRUE,0,3.85E-06,750.50505,1401.0101,708.08081,679.79798,396.9697,1316.1616,0.36969697,2717.1717,0.22121212,0,0,22538.129,22452.211,25,90.705284,DESKTOP-SDN3ES6,KYS_AI.cmsd\KYS_AI_01050,0,
1051,Latin Hypercube Plus Proxy Optimization,Complete,NormalTermination,Training,Auto,FALSE,TRUE,0,5.19E-06,736.36364,990.90909,1033.3333,368.68687,623.23232,156.56566,0.20606061,8070.7071,0.27878788,0,0,22664.195,22579.123,25,89.861176,DESKTOP-SDN3ES6,KYS_AI.cmsd\KYS_AI_01051,0,
1052,Latin Hypercube Plus Proxy Optimization,Complete,NormalTermination,Training,Auto,FALSE,TRUE,0,7.03E-06,170.70707,1089.899,1146.4646,807.07071,368.68687,920.20202,0.2,8979.798,0.23636364,0,0,22235.656,22150.051,25,88.210411,DESKTOP-SDN3ES6,KYS_AI.cmsd\KYS_AI_01052,0,
1053,Latin Hypercube Plus Proxy Optimization,Complete,NormalTermination,Training,Auto,FALSE,TRUE,0,3.64E-06,609.09091,679.79798,1457.5758,1033.3333,906.06061,566.66667,0.35757576,10595.96,0.34848485,0,0,22588.723,22502.061,25,87.776604,DESKTOP-SDN3ES6,KYS_AI.cmsd\KYS_AI_01053,0,
1054,Latin Hypercube Plus Proxy Optimization,Complete,NormalTermination,Training,Auto,FALSE,TRUE,0,4.70E-06,891.91919,411.11111,877.77778,1443.4343,708.08081,1401.0101,0.25151515,8777.7778,0.33939394,0,0,22674.279,22589.334,25,88.398399,DESKTOP-SDN3ES6,KYS_AI.cmsd\KYS_AI_01054,0,
1055,Latin Hypercube Plus Proxy Optimization,Complete,NormalTermination,Training,Auto,FALSE,TRUE,0,4.84E-06,439.39394,1104.0404,368.68687,510.10101,552.52525,934.34343,0.24848485,3525.2525,0.31515152,0,0,22503.914,22429.375,25,91.802109,DESKTOP-SDN3ES6,KYS_AI.cmsd\KYS_AI_01055,0,
1056,Latin Hypercube Plus Proxy Optimization,Complete,NormalTermination,Training,Auto,FALSE,TRUE,0,3.92E-06,1386.8687,1330.303,566.66667,269.69697,863.63636,1047.4747,0.1969697,9484.8485,0.18484848,0,0,22856.459,22769.877,25,92.338013,DESKTOP-SDN3ES6,KYS_AI.cmsd\KYS_AI_01056,0,
1057,Latin Hypercube Plus Proxy Optimization,Complete,NormalTermination,Training,Auto,FALSE,TRUE,0,7.45E-06,708.08081,693.93939,283.83838,1061.6162,1358.5859,1203.0303,0.27878788,4030.303,0.10606061,0,0,22404.396,22320.271,25,90.226585,DESKTOP-SDN3ES6,KYS_AI.cmsd\KYS_AI_01057,0,
1058,Latin Hypercube Plus Proxy Optimization,Complete,NormalTermination,Training,Auto,FALSE,TRUE,0,7.53E-06,976.76768,425.25253,623.23232,609.09091,609.09091,877.77778,0.26363636,11000,0.16666667,0,0,22721.898,22634.148,25,90.414978,DESKTOP-SDN3ES6,KYS_AI.cmsd\KYS_AI_01058,0,
1059,Latin Hypercube Plus Proxy Optimization,Complete,NormalTermination,Training,Auto,FALSE,TRUE,0,3.78E-06,722.22222,835.35354,128.28283,198.9899,114.14141,906.06061,0.25757576,10797.98,0.30909091,0,0,22203.891,22134.678,25,94.282051,DESKTOP-SDN3ES6,KYS_AI.cmsd\KYS_AI_01059,0,
1060,Latin Hypercube Plus Proxy Optimization,Complete,NormalTermination,Training,Auto,FALSE,TRUE,0,8.30E-06,382.82828,354.54545,609.09091,651.51515,1302.0202,764.64646,0.33939394,5141.4141,0.14545455,0,0,22669.381,22583.18,25,88.273697,DESKTOP-SDN3ES6,KYS_AI.cmsd\KYS_AI_01060,0,
1061,Latin Hypercube Plus Proxy Optimization,Complete,NormalTermination,Training,Auto,FALSE,TRUE,0,3.42E-06,538.38384,1429.2929,948.48485,1005.0505,1344.4444,736.36364,0.36666667,7666.6667,0.17272727,0,0,22230.791,22144.586,25,90.191734,DESKTOP-SDN3ES6,KYS_AI.cmsd\KYS_AI_01061,0,
1062,Latin Hypercube Plus Proxy Optimization,Complete,NormalTermination,Training,Auto,FALSE,TRUE,0,8.09E-06,453.53535,1259.596,184.84848,1302.0202,764.64646,990.90909,0.31515152,4838.3838,0.11515152,0,0,22122.234,22039.672,25,90.280617,DESKTOP-SDN3ES6,KYS_AI.cmsd\KYS_AI_01062,0,
1063,Latin Hypercube Plus Proxy Optimization,Complete,NormalTermination,Training,Auto,FALSE,TRUE,0,3.00E-06,241.41414,269.69697,1500,227.27273,241.41414,495.9596,0.11212121,5747.4747,0.25151515,0,0,23231.912,23148.471,25,84.23777,DESKTOP-SDN3ES6,KYS_AI.cmsd\KYS_AI_01063,0,
1064,Latin Hypercube Plus Proxy Optimization,Complete,NormalTermination,Training,Auto,FALSE,TRUE,0,9.79E-06,1160.6061,326.26263,1259.596,1287.8788,425.25253,1471.7172,0.28787879,8474.7475,0.37878788,0,0,22558.229,22472.102,25,88.020287,DESKTOP-SDN3ES6,KYS_AI.cmsd\KYS_AI_01064,0,
1065,Latin Hypercube Plus Proxy Optimization,Complete,AbnormalTermination,Training,Auto,FALSE,FALSE,0,7.31E-06,467.67677,736.36364,835.35354,1231.3131,1415.1515,962.62626,0.1,9080.8081,0.38484848,,,,,,,DESKTOP-SDN3ES6,KYS_AI.cmsd\KYS_AI_01065,0,
1066,Latin Hypercube Plus Proxy Optimization,Complete,NormalTermination,Training,Auto,FALSE,TRUE,0,3.57E-06,142.42424,1302.0202,1089.899,920.20202,1316.1616,213.13131,0.16969697,10494.949,0.34242424,0,0,22034.834,21950.195,25,88.576149,DESKTOP-SDN3ES6,KYS_AI.cmsd\KYS_AI_01066,0,
1067,Latin Hypercube Plus Proxy Optimization,Complete,NormalTermination,Training,Auto,FALSE,TRUE,0,8.52E-06,326.26263,1146.4646,722.22222,100,792.92929,1160.6061,0.23333333,4939.3939,0.12121212,0,0,22727.584,22641.678,25,90.543472,DESKTOP-SDN3ES6,KYS_AI.cmsd\KYS_AI_01067,0,
1068,Latin Hypercube Plus Proxy Optimization,Complete,NormalTermination,Training,Auto,FALSE,TRUE,0,9.65E-06,1075.7576,566.66667,1302.0202,722.22222,170.70707,863.63636,0.15151515,2515.1515,0.14848485,0,0,22768.402,22682.83,25,88.506439,DESKTOP-SDN3ES6,KYS_AI.cmsd\KYS_AI_01068,0,
1069,Latin Hypercube Plus Proxy Optimization,Complete,NormalTermination,Training,Auto,FALSE,TRUE,0,5.12E-06,623.23232,213.13131,1401.0101,156.56566,1160.6061,1500,0.18181818,8878.7879,0.2030303,0,0,23060.42,22975.381,25,85.716896,DESKTOP-SDN3ES6,KYS_AI.cmsd\KYS_AI_01069,0,
1070,Latin Hypercube Plus Proxy Optimization,Complete,NormalTermination,Training,Auto,FALSE,TRUE,0,8.66E-06,906.06061,665.65657,495.9596,326.26263,128.28283,1429.2929,0.3030303,9989.899,0.18181818,0,0,22643.4,22561.822,25,91.301552,DESKTOP-SDN3ES6,KYS_AI.cmsd\KYS_AI_01070,0,
1071,Latin Hypercube Plus Proxy Optimization,Complete,NormalTermination,Training,Auto,FALSE,TRUE,0,9.15E-06,524.24242,1500,411.11111,524.24242,1217.1717,976.76768,0.27272727,4535.3535,0.22424242,0,0,22459.014,22377.184,25,91.988976,DESKTOP-SDN3ES6,KYS_AI.cmsd\KYS_AI_01071,0,
1072,Latin Hypercube Plus Proxy Optimization,Complete,NormalTermination,Training,Auto,FALSE,TRUE,0,7.38E-06,1019.1919,1132.3232,1075.7576,340.40404,1104.0404,835.35354,0.14848485,9585.8586,0.16969697,0,0,22806.023,22720.109,25,89.807594,DESKTOP-SDN3ES6,KYS_AI.cmsd\KYS_AI_01072,0,
1073,Latin Hypercube Plus Proxy Optimization,Complete,NormalTermination,Training,Auto,FALSE,TRUE,0,6.25E-06,481.81818,524.24242,156.56566,255.55556,1118.1818,948.48485,0.13333333,5545.4545,0.29090909,0,0,22569.057,22499.838,25,92.704575,DESKTOP-SDN3ES6,KYS_AI.cmsd\KYS_AI_01073,0,
1074,Latin Hypercube Plus Proxy Optimization,Complete,NormalTermination,Training,Auto,FALSE,TRUE,0,3.07E-06,835.35354,1174.7475,1231.3131,764.64646,1033.3333,1118.1818,0.17272727,10090.909,0.21212121,0,0,22730.826,22644.965,25,90.174248,DESKTOP-SDN3ES6,KYS_AI.cmsd\KYS_AI_01074,0,
1075,Latin Hypercube Plus Proxy Optimization,Complete,NormalTermination,Training,Auto,FALSE,TRUE,0,9.01E-06,1273.7374,594.94949,906.06061,637.37374,736.36364,184.84848,0.39393939,6353.5354,0.35454545,0,0,22534.191,22452.371,25,89.35231,DESKTOP-SDN3ES6,KYS_AI.cmsd\KYS_AI_01075,0,
1076,Latin Hypercube Plus Proxy Optimization,Complete,NormalTermination,Training,Auto,FALSE,TRUE,0,9.08E-06,1471.7172,1471.7172,1471.7172,1372.7273,1386.8687,382.82828,0.21212121,3020.202,0.29393939,0,0,22418.045,22338.857,25,85.56916,DESKTOP-SDN3ES6,KYS_AI.cmsd\KYS_AI_01076,0,
1077,Latin Hypercube Plus Proxy Optimization,Complete,NormalTermination,Training,Auto,FALSE,TRUE,0,4.77E-06,552.52525,1231.3131,637.37374,1401.0101,637.37374,453.53535,0.23636364,3121.2121,0.31818182,0,0,22319.262,22235.203,25,90.508888,DESKTOP-SDN3ES6,KYS_AI.cmsd\KYS_AI_01077,0,
1078,Latin Hypercube Plus Proxy Optimization,DatasetCreated,Incomplete,Training,Auto,FALSE,FALSE,0,5.76E-06,1132.3232,807.07071,1344.4444,1174.7475,312.12121,821.21212,0.16060606,8575.7576,0.1,,,,,,,,KYS_AI.cmsd\KYS_AI_01078,0,
1079,Latin Hypercube Plus Proxy Optimization,Complete,NormalTermination,Training,Auto,FALSE,TRUE,0,8.73E-06,156.56566,283.83838,807.07071,1217.1717,849.49495,326.26263,0.19393939,6858.5859,0.12727273,0,0,22728.195,22641.547,25,84.587219,DESKTOP-SDN3ES6,KYS_AI.cmsd\KYS_AI_01079,0,
1080,Latin Hypercube Plus Proxy Optimization,Complete,NormalTermination,Training,Auto,FALSE,TRUE,0,3.14E-06,934.34343,906.06061,354.54545,948.48485,524.24242,142.42424,0.12424242,3929.2929,0.25454545,0,0,22426.041,22345.393,25,90.792015,DESKTOP-SDN3ES6,KYS_AI.cmsd\KYS_AI_01080,0,
1081,Latin Hypercube Plus Proxy Optimization,Complete,NormalTermination,Training,Auto,FALSE,TRUE,0,3.85E-06,849.49495,538.38384,1104.0404,1005.0505,269.69697,170.70707,0.39393939,8474.7475,0.28484848,0,0,22681.137,22594.398,25,88.264412,DESKTOP-SDN3ES6,KYS_AI.cmsd\KYS_AI_01081,0,
1082,Latin Hypercube Plus Proxy Optimization,Complete,NormalTermination,Training,Auto,FALSE,TRUE,0,9.79E-06,396.9697,114.14141,722.22222,100,114.14141,297.9798,0.10909091,7868.6869,0.35454545,0,0,22718.371,22652.271,25,87.090912,DESKTOP-SDN3ES6,KYS_AI.cmsd\KYS_AI_01082,0,
1083,Latin Hypercube Plus Proxy Optimization,Complete,NormalTermination,Training,Auto,FALSE,TRUE,0,4.34E-06,114.14141,100,1033.3333,1273.7374,198.9899,1132.3232,0.39393939,4636.3636,0.29393939,0,0,22832.631,22754.957,25,80.803162,DESKTOP-SDN3ES6,KYS_AI.cmsd\KYS_AI_01083,0,
1084,Latin Hypercube Plus Proxy Optimization,Complete,NormalTermination,Training,Auto,FALSE,TRUE,0,3.00E-06,156.56566,609.09091,1061.6162,962.62626,128.28283,128.28283,0.36666667,7969.697,0.33636364,0,0,22386.584,22303.271,25,86.948853,DESKTOP-SDN3ES6,KYS_AI.cmsd\KYS_AI_01084,0,
1085,Latin Hypercube Plus Proxy Optimization,Complete,NormalTermination,Training,Auto,FALSE,TRUE,0,6.54E-06,439.39394,708.08081,1485.8586,1061.6162,976.76768,283.83838,0.3969697,8878.7879,0.16969697,0,0,22498.439,22412.664,25,87.199142,DESKTOP-SDN3ES6,KYS_AI.cmsd\KYS_AI_01085,0,
1086,Latin Hypercube Plus Proxy Optimization,Complete,NormalTermination,Training,Auto,FALSE,TRUE,0,3.28E-06,594.94949,184.84848,1471.7172,1231.3131,100,100,0.37878788,9686.8687,0.1969697,0,0,22948.482,22862.395,25,85.584801,DESKTOP-SDN3ES6,KYS_AI.cmsd\KYS_AI_01086,0,
1087,Latin Hypercube Plus Proxy Optimization,Complete,NormalTermination,Training,Auto,FALSE,TRUE,0,3.00E-06,566.66667,269.69697,807.07071,835.35354,100,312.12121,0.22424242,10191.919,0.32424242,0,0,22936.205,22858.969,25,87.576241,DESKTOP-SDN3ES6,KYS_AI.cmsd\KYS_AI_01087,0,
1088,Latin Hypercube Plus Proxy Optimization,Complete,NormalTermination,Training,Auto,FALSE,TRUE,0,9.93E-06,495.9596,213.13131,566.66667,1104.0404,1259.596,1019.1919,0.10606061,7464.6465,0.3030303,0,0,22668.688,22589.52,25,86.343086,DESKTOP-SDN3ES6,KYS_AI.cmsd\KYS_AI_01088,0,
1089,Latin Hypercube Plus Proxy Optimization,Complete,NormalTermination,Training,Auto,FALSE,TRUE,0,3.00E-06,241.41414,241.41414,722.22222,1316.1616,142.42424,1132.3232,0.35151515,6454.5455,0.34848485,0,0,22771.133,22692.324,25,84.979813,DESKTOP-SDN3ES6,KYS_AI.cmsd\KYS_AI_01089,0,
1090,Latin Hypercube Plus Proxy Optimization,Complete,NormalTermination,Training,Auto,FALSE,TRUE,0,7.24E-06,425.25253,142.42424,1118.1818,1203.0303,821.21212,1457.5758,0.10606061,6353.5354,0.26363636,0,0,22883.674,22798.988,25,85.370064,DESKTOP-SDN3ES6,KYS_AI.cmsd\KYS_AI_01090,0,
1091,Latin Hypercube Plus Proxy Optimization,Complete,NormalTermination,Training,Auto,FALSE,TRUE,0,1.00E-05,1273.7374,326.26263,481.81818,1104.0404,481.81818,1302.0202,0.14545455,9888.8889,0.38787879,0,0,22499.904,22422.262,25,89.180733,DESKTOP-SDN3ES6,KYS_AI.cmsd\KYS_AI_01091,0,
1092,Latin Hypercube Plus Proxy Optimization,Complete,NormalTermination,Training,Auto,FALSE,TRUE,0,6.18E-06,651.51515,849.49495,1188.8889,1047.4747,708.08081,326.26263,0.4,10090.909,0.26363636,0,0,22505.369,22419.389,25,88.709778,DESKTOP-SDN3ES6,KYS_AI.cmsd\KYS_AI_01092,0,
